date,rgt_run_pct,rgt_grow_pct,rgt_transform_pct,portfolio_drift,portfolio_balance_score,cost_per_fte_run,cost_per_fte_grow,cost_per_fte_transform,roi_run,roi_grow,roi_transform,budget_variance_run,budget_variance_grow,budget_variance_transform,total_tco,strategic_alignment_pct,business_capability_coverage,innovation_index,portfolio_risk_score,technical_debt_run,technical_debt_grow,technical_debt_transform,compliance_gap_pct,time_to_value_run_months,time_to_value_grow_months,time_to_value_transform_months,success_rate_run,success_rate_grow,success_rate_transform,benefits_realization_pct,business_impact_score,stakeholder_satisfaction,digital_transformation_score,digital_maturity_level,online_learning_adoption_pct,digital_engagement_score,vendor_satisfaction_avg,cost_optimization_savings,compliance_score
2025-05-29 16:08:17.716116,68.297470523588,27.406091686646505,7.787582987980773,12.915979222253736,8.708402077774627,1165.5424975945562,1160.2187722781057,1624.817157771539,9.688117370645525,16.087631674567685,31.40418317250373,0.3874346075357451,12.519250839055317,13.417968369847287,2778273.3242888534,70.75987404876855,71.15028783715056,6.928147552550633,6.729447069430436,22.31639496596116,6.530041949988972,5.277449669638371,13.728857966047622,5.9093210943246985,10.950740718910932,15.200202640087294,89.54931881405817,78.8792788108603,64.04610135978045,73.76699267032964,6.688952604690018,3.4479584476259157,63.68886390043251,Established,35.650781997243236,72.00335320634888,3.633104782873103,88679.17069363187,86.12373833853417
2025-05-30 16:08:17.716116,63.98718264689789,27.048568853396954,9.521822046287076,8.539564160211986,9.146043583978802,1017.1488650430562,1026.7980790969464,1744.2184714343653,12.954727079476056,24.71413661030889,32.54917106562753,-3.749604091625547,1.6980815208114706,3.674955172869616,2556785.790270381,71.25118960123136,74.73917172785637,6.906235136613022,6.534054101157624,23.111878467565255,11.449905930396197,4.808828265766156,15.874972776248825,4.62167610187859,7.9885740796363605,23.686988018154224,90.31813063488732,79.61671002165929,68.69825803644736,72.20479809108971,6.978373244580225,3.524603781530117,67.20909406967041,Leading,42.608639661278914,70.34832279786326,3.8932530378621597,156652.98462987092,84.77892509988479
2025-05-31 16:08:17.716116,62.38946656010301,25.414239577171617,8.132310615841696,9.892462401226911,9.010753759877309,1093.8391990456066,1258.039820903484,1386.369634062658,5.417190240121736,24.51497355523487,23.55244065252651,-4.017891269634695,4.283556289058762,-2.854836527895472,2923468.3796721976,69.25645418721356,74.67656662851194,7.2460877226193245,7.336251497546172,10.380325462536236,7.6924788692143995,3.166194960210266,14.196451364552146,3.705693532826995,11.920999618209523,20.425331826540287,90.64190189395129,82.98362263743813,63.470825162773124,67.5054468325218,6.993006382544698,3.677985402741027,65.1955934080764,Basic,37.762330718056894,70.36522799071321,3.852786176329999,151018.36705550982,85.59852473524931
2025-06-01 16:08:17.716116,64.46747966667925,26.490387674760314,4.0005711263974035,13.022336881683657,8.697766311831634,825.489422998716,1285.1884241611106,1715.7928668123745,9.731880894423904,24.10408863265762,31.135661293488326,-9.227583803604187,1.277081185868564,19.746926414537796,2699747.6947178515,73.87048920719555,72.58484673569382,7.1841390925992625,6.724758918356557,20.31875580197434,12.657252079411418,6.637500450874887,14.5700841355152,5.911628130275863,11.027266022422566,14.491271901723044,90.90543439975588,78.78111651609466,64.25105922305,71.27829958806687,7.295213483668148,3.5737809451477993,66.29413351543269,Established,40.06891813991421,70.42906539927901,3.8486311517926914,72303.68032082086,83.51834216710641
2025-06-02 16:08:17.716116,63.242200613882275,24.164631949379533,8.039077708833931,9.55408972790426,9.044591027209574,1015.6991309004154,1046.91341896249,1847.3418819614944,13.003815315834098,22.974816660158254,30.296731413826258,-0.8947525381041253,10.011726062296532,14.07395956888901,2785456.9966317946,68.01396553786684,75.48229049636527,6.875234282690262,6.470925103628572,22.40420782660273,7.508154663525545,5.277883009416554,15.919997156225852,3.087021826034616,8.854484694188614,15.511304426574307,90.93737055674228,79.06419686432338,62.586121286540816,70.52970914890018,6.871408013311415,3.4633914862247694,67.04025860413103,Established,35.446796612920025,71.67754156628726,3.7489413962471883,87467.15117592676,85.14829108769467
2025-06-03 16:08:17.716116,66.96228689524752,25.833878377775687,11.176186740223246,6.619978532799957,9.338002146720005,813.8906837757675,1038.703120513372,1971.4938181072125,13.965060970419831,15.81282336589061,32.334919545844485,-7.949935811183158,9.855129898538618,16.540028325421744,2653085.5771006173,68.0018009574435,75.31161779744342,6.6767002684893,7.364726358033302,13.166298015127413,9.941200943344441,7.102781686550367,13.610875037577141,5.827944076498033,8.116414076454594,13.367643553909176,90.16508479602359,80.62376120538353,67.9436476428941,73.19020394467758,7.31031379989165,3.5672737559139165,64.56712268227147,Leading,41.392726904759215,67.1715198117193,3.670403720024191,63429.461530297325,86.42539677511857
2025-06-04 16:08:17.716116,67.88734681265466,24.16843096749313,8.891930828528944,9.826985016632582,9.017301498336742,806.5657863622574,1444.8644400372118,1395.6224739361476,14.270408986591574,20.711696204732668,26.38111456564592,-9.843390189942111,-12.231831491490873,-13.652636975885564,2605696.2575261006,69.9948905166983,75.05531648459595,6.815591358868625,7.306662349078491,20.774374268278606,6.35492744842462,3.254645071740083,14.903690147723832,3.289341149975467,11.756501887494402,21.15041445043233,91.55613046830682,76.54727290298406,68.00377609307031,70.82160775670712,6.913523731334736,3.5115445209229876,65.53725320098722,Established,45.45779108088362,70.92888400865326,3.8058496358114637,91855.48661037094,84.77638639438412
2025-06-05 16:08:17.716116,65.07119386349127,27.241083037045474,9.245701323252268,8.06657557728448,9.193342442271552,1177.273012135775,1275.7436530705495,1229.386843519583,5.578449856821325,17.356807196944164,29.319865992686978,-5.094785938814194,10.503436562500653,5.17687461891115,2800730.595047199,69.66030973549948,72.94694458643697,6.804012684845026,7.27618364375559,13.025113722603349,7.921100778378083,2.5114185597916365,12.764385224566588,4.128109813913989,6.386306990327016,12.214865848348435,89.37148173165379,81.50222789045564,68.08750733091576,69.81172404501633,7.264194822819214,3.8304711479933244,66.12446375134381,Established,43.10068705976227,69.67393910460197,3.8605866229728574,151890.73924212274,84.68633790989527
2025-06-06 16:08:17.716116,60.77202612900763,22.71199149622132,13.335050973230324,8.180931401540729,9.181906859845927,889.8278933788212,1088.3790582981176,1779.2335457566942,12.505849154199018,16.957002216480877,24.785098063223458,9.132162450946065,14.526880468888553,3.412315215930608,3256945.55511568,70.55773711023726,79.23340332364793,7.005714536144218,6.371828720732558,14.733153162029893,8.490921125601579,4.794091282186442,10.436504771447169,3.488552454467822,9.892817670637726,21.482706446638282,90.80367293282806,83.17496486833605,65.91539211648742,75.86043526947954,6.678106264456277,3.512647476811491,67.95854163863946,Basic,40.94100113100499,72.07106021910364,3.9856799096657913,117958.69169553132,87.00368668075402
2025-06-07 16:08:17.716116,68.0163677641449,26.247808340433977,11.112693473559842,8.151482631019038,9.184851736898096,1076.938913726729,1097.225665942436,1781.5012941960988,12.195464721912618,16.57252629811162,24.76141449647495,8.823047742391939,-12.865694920295256,-10.842129785413498,3078800.695570466,69.75036781283707,75.55313435012438,7.326127826638642,6.4145014483437235,12.784782006769039,5.840809388531152,4.896209193573945,14.720281202785127,4.003527141272262,8.28492945859193,17.17691201475956,89.80299539341796,80.5630795888869,65.41915815199923,72.2773054798558,7.350210475066251,3.636326331888496,66.38241066486415,Established,44.96354910293308,72.11441425369807,3.6588828631964967,69888.8600987304,86.83066832793259
2025-06-08 16:08:17.716116,69.9522629328348,25.823763222440334,6.730769258162329,14.045256897112804,8.59547431028872,1155.3598568545112,1328.8875764188044,1238.075460267722,13.6339826082325,17.650800548754788,21.65486454126684,-1.3489205696891275,11.961341697057737,-18.616649395121513,3125661.2878766907,74.43709670391952,73.6399059428825,7.057976292145405,6.4252017741849015,13.08401989822526,8.535337238536442,6.594689912713037,13.60918029068458,5.405456104801988,10.662905627660741,14.970368323314307,91.71183545017104,80.87427834645683,61.491416684125184,68.36754430455777,7.179779003487638,3.6643269784364527,66.48011960730199,Established,47.19931826511298,69.32652244366297,3.9561553527669684,102926.74577375114,86.03851952699442
2025-06-09 16:08:17.716116,68.34985771096864,25.539897643476355,9.878368555651871,9.011386798793119,9.098861320120688,1105.8002366297794,1047.3248152773906,1675.05073529853,5.135029539707658,17.600465248276286,29.983395458463733,-6.568757462274495,-8.995728248356443,-17.53126318948909,3247387.990013196,73.9068381792116,78.79488694218186,7.095902152988998,6.169402502375117,17.42381429837939,13.609101194035846,3.753118423156171,11.803751400682861,3.1547387035259495,9.763148348599152,21.908410727278714,88.72424463882471,82.16036534478468,61.488407733668936,73.87223268911154,7.105640591527312,3.6957471204859154,68.43961414924884,Leading,43.00405646122101,69.374973973552,3.878421964819584,84551.53909234903,86.67439797647035
2025-06-10 16:08:17.716116,68.84095827082454,22.669343057447342,11.019804716671343,10.151810496705858,8.984818950329414,852.1893936210172,1005.3204205129119,1932.1618073036016,8.549897502215586,22.57976031749071,33.266870539178434,1.9713064397104318,-2.2722878315634674,-18.45328256088675,2837128.181852143,74.03719565563618,73.31533566044044,7.289580788547642,7.088626344754174,23.04879720888332,5.468461964683434,5.63002051406149,15.41828121366385,4.0547473510726055,7.321057835420573,20.254508188859326,89.381285918747,80.07029731660178,70.06860669611801,73.39887822296004,7.071450123208971,3.6547541944992323,66.21454314433207,Established,44.45559564547217,72.09438849568541,3.977058591605334,152843.78050470378,86.86555214404989
2025-06-11 16:08:17.716116,67.22524696174118,25.94105383768506,7.570595858036228,10.59570494139001,8.940429505861,950.9080235735437,1489.6429807038467,1558.791146294783,14.238900927984357,22.027341928526614,31.066168262195397,-6.195751780554513,-3.9380771958423804,9.295427280753287,3155564.5865646848,72.36657875255828,76.48683447596281,7.22944603393084,7.035849629622109,24.700670084928504,14.893734472851865,4.634890225550539,12.115942129905786,5.294028956822711,9.602985555833179,20.509152684171262,91.06790836519713,84.54455858329862,68.18973418095334,75.42304759038304,7.52002478553921,3.5992012793130885,65.08747108078617,Leading,49.90884618992485,75.29680568006425,3.9459121896228777,169541.06946929506,87.19594396326407
2025-06-12 16:08:17.716116,64.85534228359245,27.991425835407384,12.439446399681575,5.696637152133359,9.430336284786664,865.5926415982366,1474.1501466152265,1341.468371112328,6.823437384601564,21.35547626318827,26.321955107898987,-9.479766827709888,12.615266145119804,-16.994325664415353,2656317.2655868125,72.5151413503556,78.38662363347936,7.069806238802268,6.740150373012405,10.722763015882977,7.347307045531433,6.452094996945514,12.179631848493647,4.900439705652401,9.98989646358924,18.776190934278482,91.86368642711807,80.64401472447327,71.17353285262736,71.1806085976352,7.479287203641802,3.6578005063385044,63.54689272456399,Leading,44.0867627451284,69.25382307725903,3.842479677983946,111751.4082948307,86.79781466521663
2025-06-13 16:08:17.716116,59.71677677233359,26.780331894444593,10.916853358202937,11.146701763908068,8.885329823609194,891.8481369330945,1202.7428022603458,1959.5431777310005,5.8030700015494965,24.384346934230617,25.853221580500417,5.818551488622688,-4.323091880350741,-3.3779845698350215,2937778.5985678234,72.75340380676009,77.64569013689741,7.296198753665055,6.758248893027079,23.342067522717187,7.14380967402939,4.025329883058321,12.021957464369207,4.714388900184933,11.923547806030768,17.58430772053897,89.78490651387723,81.81831189687384,65.19905789863762,74.74696665246903,7.696060723194917,3.5673855254157774,65.52091785188198,Leading,50.15077833212641,74.3219539364246,4.059155670468261,76804.61779653755,86.72841034820881
2025-06-14 16:08:17.716116,67.73494794216482,26.314270427882093,9.61983180474532,9.429386565301595,9.05706134346984,1188.6557474453384,1358.5963886277364,1833.1006207700148,7.4676476220262895,17.587954976009627,28.537995255962045,9.664062685178319,7.29673168365257,9.839619188628856,2757597.4782013833,69.92076795635565,75.81504616044386,7.392056235724052,6.0082974066182055,11.497811691423694,6.654422020716003,4.473774553919146,13.811366357023775,3.601330149735246,7.493058648212159,14.137017935826256,90.6007629272165,80.7439009635681,68.89044846656255,76.24861537165803,7.002629603013807,3.5750975916540093,69.43915124830497,Established,48.732921847712106,73.84633555842508,3.8067725949525784,122374.51352615136,87.48672917979341
2025-06-15 16:08:17.716116,69.74644335238747,20.110501610369845,5.496264695287305,19.139677046730323,8.086032295326968,1148.7306186035712,1165.0556026881811,1623.9618735583424,7.608631188383245,19.348016627163936,30.22086415368353,5.157122184017226,9.186666617127901,9.47298306797892,2966755.347822722,74.40883705343657,77.89183219130574,7.0784140544052905,6.469034896929791,11.943204749849395,14.957228817845937,4.953210970264553,10.73750320301234,3.8948699041224377,7.158292004509583,19.799168969867452,89.10423240137548,80.22767212220229,67.25044141782644,77.64410983632676,7.513401752309422,3.751101369134233,71.12182328463895,Established,53.49517013491402,72.12052724054787,4.071868991640424,65797.91812384836,86.17024053776699
2025-06-16 16:08:17.716116,67.11650158401315,26.024074838481013,12.525809883756956,5.614766538737207,9.43852334612628,943.1840384692783,1426.1369647102345,1752.9348386846564,10.451082690592104,18.008999507960134,34.79420907725891,6.770810269458472,-10.902727873223036,12.249150586704836,2620188.600895478,74.56392346278535,79.96784149114559,7.090971121187782,6.53225646840782,14.985607852818909,8.224246173022404,2.1960132451964154,11.956921728777354,4.899277992407653,6.163344348556056,12.019721824200516,92.1062559300209,82.65837319282123,65.41784918078925,71.44748810533359,7.5333522941758915,3.9334442995307564,68.9153637205916,Leading,46.401219619499244,74.76807541996182,3.895369923988189,65793.58999250272,85.46135417212652
2025-06-17 16:08:17.716116,67.63481412836228,25.238855496104716,9.636138544780982,8.237531079686013,9.176246892031399,937.2140187389329,1154.057390301029,1502.2966411079642,5.324120369531561,20.320103400289632,31.12114403281187,7.275849764060233,-5.269344002859784,2.0161695164967597,3392796.027570417,70.93329904110666,77.82883855296974,7.493102170036912,6.473023085111581,24.845442920547228,12.575006138471641,7.088135597429814,11.666103819285759,3.5662849166113446,11.423347402186469,12.16947138075919,90.66187653266107,82.78207756982918,63.7526842550495,75.96711909974701,7.304174123584704,3.654366319033283,69.82734742147206,Established,48.28375248968458,71.47030261303897,3.8156920374683665,195821.11825252764,87.94074946165493
2025-06-18 16:08:17.716116,60.125386332744625,25.10940648343444,12.67847169644225,7.305548454247566,9.269445154575244,1078.6285664644624,1487.1944213268569,1459.3218592937446,5.742105763993839,19.303146507337583,28.109503639784755,1.5997283737267392,7.156878134580403,15.923400825057698,3000165.261804784,73.86915139646014,76.2094811084782,7.153316167476154,6.146463873590062,10.025495830091652,14.297121677349958,6.471559462845583,11.75087807542698,5.787478456079885,8.658990238371949,21.425363718888704,91.62284224499504,84.5915709319426,72.17422785719415,70.31310133231005,7.088899222267439,3.596781623381592,71.50015569391934,Basic,54.85083496057681,73.13576658337428,3.875944395406595,120848.51143650795,85.93146873023764
2025-06-19 16:08:17.716116,70.09671048926836,24.92889670568209,12.433983770750704,7.733830012835568,9.226616998716443,993.1106133480297,1015.9559608743778,1313.1248924375982,12.181617920210638,19.518617256022395,26.918261499728985,9.560136066103404,2.1438478074631817,-15.323186217334523,2933754.379335087,74.66498353531745,77.45708749150593,7.247160827927079,6.4558148271752325,21.269548320259776,8.72152567643608,3.5726706131775856,12.576478661433653,3.8494571916557954,10.970487314070006,16.819523743237784,91.83592324886693,81.75904742778043,65.33961430061038,72.91031942578104,7.38253288886286,3.6900082649063215,67.51490473425328,Basic,53.520786200166924,74.6179627052179,3.8886009371791634,130903.1628782893,87.99569186166136
2025-06-20 16:08:17.716116,67.72477198454271,23.952361935818534,8.436920731332636,10.335489317391543,8.966451068260845,1077.5056864827093,1090.2863941625653,1842.5794602589453,11.573576130377983,20.363423137736792,29.66383522667276,-8.005687062758167,1.4406612427777006,-1.948010168119044,3012964.962693865,74.0795990359564,74.53838616424261,7.179012227153535,6.670750853850983,10.674034273119522,7.564815745325025,4.726181376983405,10.097101838491389,5.479836452508251,11.491037507318914,17.841608807119542,92.35239062367819,81.67416966917695,66.40105324146165,73.74182108010739,7.235562464007084,3.757799158635907,71.18609829519436,Leading,49.86548856152383,75.51672994327495,4.021602399189552,65272.77392145527,88.02973722092804
2025-06-21 16:08:17.716116,70.40445232377101,23.13887096857532,11.500779810063072,10.76480154513262,8.923519845486737,1054.91651937532,1045.0469013441675,1313.9543956730201,8.283221342468558,17.940437230652588,23.324080393424346,2.3459240360960916,-2.108697774138104,7.399551237809089,2886968.978146415,75.9652325453211,79.59865711398629,6.912982743185086,5.8179800685725205,19.33612901258907,5.744321973372518,5.037355465246092,12.786609395733732,3.8725890871057613,10.204577740758356,17.844863941979863,90.60496789070488,83.4679059778644,72.7379458842294,77.27544212058326,7.855762803141231,3.7483468254263923,69.69423481885752,Basic,48.456438376047096,74.30273210094106,3.9579889587871704,149161.50920269336,86.75765828505645
2025-06-22 16:08:17.716116,71.14915772168254,26.897518769158367,6.878149473206413,16.168527017634496,8.383147298236551,857.6755708522909,1314.329510731427,1209.5614707271584,6.444689409537588,22.079261780066687,33.10955050316497,-8.487999253261812,4.163011961917402,-17.523764588939798,3378969.64894777,78.24592476780948,77.69167822555153,7.313824767195414,6.0932311360695905,16.43755588318121,7.0885724228241145,5.43469518172202,11.32115456187893,3.343636146980087,7.283385343208589,21.57436202089321,90.32643587829958,77.76453062653503,70.06517809215963,73.96995904670496,7.433657627597927,3.8220520064268912,67.00388492350129,Established,53.07565236906002,75.04327276191191,4.107678620437343,97024.89585158636,89.46088113522966
2025-06-23 16:08:17.716116,63.95536889041916,21.593525555172892,9.582909041845964,9.868196512561985,9.013180348743802,815.7371901766879,1462.059382785453,1457.7113088069798,11.338025817417547,23.705270718209086,32.2748930976964,7.4678155107491655,6.609259470565796,-12.250246711146602,2866548.5417410443,73.51681577444147,74.94901952045306,7.308900529901796,5.894707782983084,21.322577482675165,11.140526522744604,4.251286594090022,13.392930239554534,3.9248397508116355,10.73301188827317,19.161599895980977,93.80900045863895,83.08465546461986,69.25634651393091,77.26754190332781,7.369826777236539,3.6986293465548616,70.31608681933838,Basic,53.2262843685979,71.73870087566416,4.002574834881776,147492.31497417935,87.88932769194562
2025-06-24 16:08:17.716116,66.18135531296701,23.782862081745737,12.935554371008243,4.462938860213034,9.553706113978697,813.0751156355932,1209.0493814597114,1608.6364690013913,9.926799632231535,17.335430873403972,27.124890050913375,4.359856559431787,-5.65570448193607,5.360106707141785,2653234.1005139444,76.97728998803782,78.63987936212533,7.143895827559746,6.244156100095119,13.96955228806231,14.93961214280656,3.620629111715279,13.477886495980323,4.207090674254033,6.2026666683449205,15.412043430217398,93.6300163743348,83.47208311399339,70.28967736792005,74.26587096779117,7.91444241502259,3.8993896903065517,69.45640409992785,Leading,52.83018371448113,79.66152669734592,3.8688033610727324,144773.87782479153,86.28809951709526
2025-06-25 16:08:17.716116,66.39034613855118,22.126856106679725,12.828652822273295,6.434837209598161,9.356516279040184,899.0829875465763,1092.7309612839226,1399.851010899274,14.359348265605442,23.492289261520853,32.4334759124922,5.61389326012816,4.108521668364158,-16.064031044434685,2824651.919113447,74.0270699141488,77.62366536804697,7.329444854596023,6.097982964727796,14.28175965105353,13.601325012697764,7.256831484770422,10.616405838430415,5.760749262677611,8.82695482992474,21.288501580245264,90.42289162419505,82.95112936011864,72.64522888886397,76.84426611431331,7.977232226656379,3.7224869415848367,70.78264493783429,Leading,55.678437120825194,76.30417751330914,4.024270221308605,141609.66034523695,88.1061354044417
2025-06-26 16:08:17.716116,68.46552412311442,26.39389461675841,9.396259002155663,10.463159737717167,8.953684026228283,1150.961437231245,1133.8388284978025,1795.2865767959263,5.912947090794444,15.859779343185677,27.671066824716718,-9.28476817979885,-1.9874074281407985,11.629904752824917,3389473.6736977957,75.7050295985357,79.36685740383574,7.035832355118065,6.44901574299302,10.351722688189948,6.311979791755357,7.630134490205705,11.937254644251068,4.018420621960205,10.287136407680315,23.48417737312024,91.6105916334245,78.74205252222957,71.9423667382042,75.5896907149651,8.029906209824679,3.935219931147376,74.32510980717582,Basic,47.53225361515436,74.96237230122806,4.098706821036109,182068.9817590868,89.54269316694837
2025-06-27 16:08:17.716116,62.85440969531397,26.842476793150794,10.152237726529558,8.835829371307268,9.116417062869273,1182.0334669120227,1119.7850693700034,1427.067590218189,14.204282068721222,19.57810856662807,26.858817620012136,7.364171980738298,-6.118483886828201,7.875905585433117,3221523.0733744083,81.64181406906279,75.96914818377267,7.188167689246638,5.608227350800224,22.28964856303505,9.164114741215482,2.1102639144314637,12.636974790086864,4.707813461305446,7.166506651188223,17.598782705794203,91.09171766050171,83.61103046528355,69.44194549564943,73.5324353869226,6.839231065759883,3.6860860155624025,67.66032137461752,Established,55.634439786760204,76.3228297595174,4.033219476398401,79365.98119610286,86.99093953135352
2025-06-28 16:08:17.716116,66.06122697104641,26.377626898070393,11.184040786453703,6.254813082663098,9.374518691733691,1183.8333072316448,1159.904470213409,1983.887360857937,13.905226656419638,18.618920896263536,32.961108514349476,7.946095923510217,-13.917350620628756,15.038494772404889,2933244.6076835818,76.4752795858604,80.15324509926795,7.5995908490398305,5.813057723611921,21.25366164526614,12.860492706471167,6.587734284698951,11.843684189767986,4.2763644061989865,11.551379214301978,16.283433759687412,92.45811900711057,84.64736526803459,71.09316612101273,79.19076791382797,7.941656961712406,3.6496715022686947,69.9576627135108,Basic,53.04737075326359,79.45282949483453,4.014387006249234,51520.529810942004,88.14563912503255
2025-06-29 16:08:17.716116,62.42417120699004,23.12506140959847,10.307599050416941,9.14316833299455,9.085683166700544,869.524451813043,1022.8432561955784,1650.8606486503995,9.525572770119439,19.320943918652148,34.53896454942049,-4.7424496865349415,-0.3602821741639648,-11.466239457434844,2821789.150504203,78.19893396166829,78.77020173648467,7.467110905495756,5.565147480247399,12.85859118951144,5.230933096495198,5.782787523420488,11.938225148062374,5.970961463092165,9.938852050145027,23.07985471277815,93.71043096680421,83.3380112925832,74.51624115209628,80.62970412407343,7.648908215747555,4.144527157384239,72.76525742253526,Established,50.69894558643293,78.23543472401,4.134093790437411,146686.7179605762,89.31168905525313
2025-06-30 16:08:17.716116,63.100058452795416,23.32071424680922,7.884059035382891,10.695168265012473,8.930483173498752,1043.5221910069345,1344.5228165721312,1497.0322771649726,10.913876655702524,17.47988614043983,31.922227891963292,9.842563088698455,5.951039181724489,-7.22539175696614,2848757.406693444,77.26346993906824,79.8465893819501,7.460071269918084,5.99082368052436,16.032018029073956,14.32924098635109,6.561487176853316,11.415785993678236,5.885567993407552,6.132630890924893,18.262857812201634,93.55633534807778,84.11325340463155,72.23031003399382,75.11823017253735,8.198049605067165,3.8370828403451007,69.52681950988685,Established,56.16125605154369,78.21513379896614,4.013668754636175,154113.35372044996,89.65642851834745
2025-07-01 16:08:17.716116,63.17955492711649,28.11919923892563,8.58123262250668,11.358411689302459,8.864158831069755,866.5888067697052,1407.6711865189816,1509.969156087418,14.376193494037036,24.66386055448099,34.48613531528272,-6.885771906332783,-4.608418260873128,-7.584605625198758,3422678.6478521307,75.16520965691765,80.84296498905245,7.206621691578797,6.119333883441622,24.44949437794397,9.239986006416819,4.648244200690394,11.319860668617016,4.153604695393385,10.73503285007915,13.202173173641086,92.18446367082436,81.61640890332221,71.42982599428859,76.52908110902341,7.504489946608528,3.9241976938293464,72.01117893881954,Leading,56.67337092803616,78.65196356595465,4.1335888520442845,145621.96072229947,90.1580677555759
2025-07-02 16:08:17.716116,68.20276621110654,22.183831317940086,9.028353922058814,11.990580971107635,8.800941902889237,965.3258779773919,1296.6951092862882,1752.0042722447888,9.567036221002521,18.301104326159013,23.70336593031283,-6.336019866337759,-0.708902273808782,8.25563414143965,3329848.1754805734,79.84865921144444,77.4757523463901,7.482514936205181,5.854147967360069,23.23589311849434,13.822734500450856,5.475206541891033,13.169391086264264,3.478957322220996,11.297836434829794,15.254793161261063,91.0789326815365,81.943927455549,73.29070186116694,80.65549882411698,7.793160375000812,3.7147569423311153,68.2267747519448,Leading,55.443657971265374,79.05855211870491,4.179988966184207,115329.18135041156,89.19941528706619
2025-07-03 16:08:17.716116,64.0930229351842,26.792993949282156,6.194111663179133,11.50585935091883,8.849414064908117,912.8651564764643,1185.3403636135347,1518.4487991561991,5.7160407079629305,22.752419695906056,22.523702650499096,-9.179569052091948,2.711374778856939,6.74374547529732,3260279.1642019507,76.94361218281055,81.5591594187013,7.142646223787473,5.999170502779296,14.720611392664416,13.531601854914188,6.01876165466313,11.73729160659718,5.065341134474006,11.74416084225334,23.404375695489904,93.50144043588038,80.4901788374163,69.66019043880537,75.13213720839134,7.534507119180446,3.75035845383056,68.69786662030366,Basic,57.49464899726651,76.17358578776387,4.08702767760296,172084.06173627707,90.89491332561329
2025-07-04 16:08:17.716116,66.08544656114778,22.817897982589535,9.498450382785874,8.769098195772367,9.123090180422764,836.2971933465744,1379.486529643013,1886.456682208761,5.837958333915372,16.788018126788764,23.312317215429857,7.139061952644106,12.407068944596247,10.599003032345571,3296376.75563461,75.97560554284362,77.52660472915252,7.224503809889368,6.429558198143539,12.035129658151593,6.948097069279382,3.224501714252642,11.808657158486529,5.6060332507257575,6.4183051640981335,20.508681286903126,92.23040416859519,82.17447069282807,68.30440627790198,80.42879321626937,7.846813603043309,3.9489035772767913,70.3112336262026,Leading,53.531693636098524,78.78115038907353,3.9431070199001024,138221.43923574165,88.79725022447728
2025-07-05 16:08:17.716116,63.567467609358474,25.381451320107846,9.941702188748796,6.872281522000577,9.312771847799942,1135.4766569255107,1396.6317430284453,1530.3777235462492,14.762046759348152,20.86908296757597,34.454677004045024,4.385279705887513,-2.773471550725544,-10.648863567639886,2965408.788220181,82.68217620224709,77.01272121898573,7.3034553408835805,5.9056572648098244,18.28207445536646,9.150681577882192,6.105081128154737,11.224663923817817,5.859247080904575,6.606969642729061,22.785929294486138,92.875447377156,84.65905760829978,74.2166305813087,76.7965094584846,8.006985631169522,4.015810992781015,71.35264315293804,Leading,55.675694482948764,75.21828179245308,4.264682820234767,134522.22377167922,89.09881802827056
2025-07-06 16:08:17.716116,65.66332117330616,24.786345843610032,10.201882814169098,5.675092515527028,9.432490748447297,822.5923615587434,1195.0739169910207,1310.218064985709,8.30527528675399,22.15427821301338,26.68231932965298,-3.575714931176437,11.745117631111658,-19.622846984618086,3314028.3469208227,77.4746091544094,81.59264814815369,7.298400057218737,6.484686988227592,13.549684800230363,10.75004494966878,4.209126862734025,9.706527011885727,4.3734520349532895,7.017629913381517,22.22337219126686,91.33015962039872,82.06270335837384,71.7473464991755,82.77035180014367,7.6293525799438395,4.104219313904061,70.56013952711005,Basic,56.7190966043115,75.38987455423377,4.11330603150856,122672.96384718259,90.14715821363187
2025-07-07 16:08:17.716116,60.73863794311741,27.03829382160961,12.563562076078671,8.736093802413528,9.126390619758647,1069.4203125300933,1096.9485251162023,1785.8979429144424,8.469773317757252,24.933526659667105,31.282514903091187,1.6753308659258899,12.367068760934234,18.801608727155113,3318074.496814059,81.44925544312765,79.50416989888147,7.683674142616456,5.7865484446576545,15.5598018973999,8.389781377544022,5.328988309057598,11.33250843248289,4.474493824190986,8.345250225959635,14.50144437768417,91.85735487428839,86.22094396238012,72.4293810001762,75.55999666420239,7.747941433581925,3.8844487034791806,68.47526811528513,Leading,57.36071313493954,77.07771910424907,4.163932243236168,70982.86821565335,89.83624180914704
2025-07-08 16:08:17.716116,61.45944017901033,24.66359473103068,13.513652989594771,5.363312100364219,9.463668789963577,1139.5172456484993,1396.4289069456504,1418.8061642230427,6.922592721778068,20.163095224548158,21.201561926012086,2.6572350928580573,-14.63461763492106,12.124208784082292,3390697.2205024417,81.06993677328285,82.03878389800568,7.044199033609942,5.444785809790386,10.732376997885044,8.940734149056453,2.473347981171439,9.145768571747887,4.9415422546347845,8.19646002650391,16.61004795058549,90.99173963516031,85.10402782229303,67.07101470377849,79.98025323592324,7.848509082049874,3.9177243372278188,72.46288057100232,Established,55.53360691024166,76.99177544349756,4.246495640858797,64449.0551372452,89.2164519311595
2025-07-09 16:08:17.716116,65.57870676794224,23.981234990902056,7.794392281730477,8.803079495309703,9.11969205046903,1080.722328658902,1121.47026909501,1652.5118211710176,9.087564808322297,18.612161326879267,30.81712509404315,2.2681792468152473,0.4152583363494031,-14.876609505674256,3085640.584941013,78.18373982974688,83.71258821951538,7.570622500623504,5.105917599345861,21.231588315902457,9.674536847281454,4.435132178948035,9.546676665705967,3.481862542481029,8.604926128660008,20.71352615522277,93.33626733420024,83.36360028724782,76.52620048294645,81.19614017902938,7.961651777837803,3.947004289906306,70.01213983617203,Leading,53.01280386193328,83.8831988550846,4.120452231596546,131026.76362288337,88.18951083721969
2025-07-10 16:08:17.716116,64.57744650972275,25.938850501935867,7.990089498110946,8.371314494102174,9.162868550589783,1084.3231536579424,1449.3472523248915,1389.2152904313446,9.332114286081453,24.711918690367796,26.42003946916578,-0.8083727320707652,-6.344078780935199,14.838045128797603,2865621.883660226,77.09363405322587,82.9564272736903,7.593259063516441,5.684408542131749,21.652472629845462,5.6769237891195505,5.803782335428341,8.390311618387667,5.52810758929766,10.750246258047246,19.78327318477912,93.03956224040292,82.19049727235547,73.84168668906513,79.80134698238956,8.108957463799213,3.8284791570846126,71.71017517291158,Established,57.804855554580186,78.04789890720673,4.361993396843494,52599.52692654985,90.61944567463576
2025-07-11 16:08:17.716116,66.1200426733071,27.985878737539444,13.031012963540924,6.074908447305617,9.392509155269439,814.7269088578912,1086.139739706001,1782.2930623659404,11.457180745006603,19.452901418488345,20.305993115744492,-1.6631112516849313,-7.561374817865895,7.89076969248768,3324676.919639781,82.73264740688577,77.04105069254547,7.498001849595511,5.336056050778748,15.576224765714155,11.780320186789996,5.996465775244873,9.965274660342468,4.238332549279645,11.795870286410109,23.280897203595135,92.21331175025531,85.87685904822912,72.6989960171077,79.75949703174236,7.693394916488692,4.090491759916141,73.7657703324517,Leading,57.89776940990534,75.60672845428928,4.188976098528046,110953.96160394467,89.89498902331722
2025-07-12 16:08:17.716116,62.7180773681816,26.77001447747381,9.442370836737638,9.60956627255457,9.039043372744542,910.2209361602577,1004.1851667613563,1789.7300588631292,5.074083511892985,20.459711046906968,22.718884340089858,2.2095833193140653,-9.063471838467674,0.07508462637460767,2835068.8699598494,80.58331090427792,79.93188273255663,7.742823042961227,4.7603499753766005,13.665933319004598,10.493257783023164,5.6360097724256075,10.547764072570569,5.809077435752151,9.840766399649489,23.374185370677676,91.87868129598823,85.39135008880183,68.54710140523262,76.72707487604073,8.16986445394442,3.814117508511951,69.90508890450936,Leading,56.59677167599169,78.58443232336582,4.08833510412432,126180.4831169274,90.06862861649654
2025-07-13 16:08:17.716116,66.08603517546709,25.305354384085327,11.741460150326603,4.6499294092258125,9.535007059077419,1086.6555587176738,1220.763523532981,1651.262729134432,9.361108640696436,16.96787684174253,26.775311286501797,6.148193584545208,-7.002358294845465,5.613619761868932,3053273.2088138172,79.53089245792549,82.82925294748577,7.556189750428152,5.94424552713399,23.668180013515634,7.26480586888428,4.846899908607358,8.004865274523056,3.6650418679862953,8.510546583085063,12.698678787477709,94.15042702232613,88.13925347462389,72.14902386770807,80.99903620275416,8.325930001421877,4.0390074871122135,69.44131573607503,Leading,60.09462860148122,81.45586770780619,4.151538706662914,191691.95857701838,89.37521381305443
2025-07-14 16:08:17.716116,65.19150910406177,25.59187400059706,8.249638882150137,7.5337442225086875,9.246625577749132,926.2448802199904,1165.1650076204644,1664.2460267171887,12.118800082161346,15.112338272823113,22.290091745387787,8.056029753872835,-0.15023988701436863,-0.32492382589009594,3340314.8621868454,81.011144968642,81.2981904141856,7.852064187148653,5.488632164357453,20.1890098531293,11.664844135466797,7.136227260217876,7.702061301847472,3.595486090287373,8.063861104728822,22.439143441874627,93.76061855885358,86.50153470171199,73.9074471086713,84.55052207817525,7.993914632733664,4.011127152670614,73.24855096133629,Established,62.36267587253088,80.67899739763466,4.349013061188779,67733.27319568937,90.319574043649
2025-07-15 16:08:17.716116,62.97541033970443,21.73895336161652,9.486389888662567,10.799246410016481,8.920075358998352,863.6214126401826,1254.4238660229485,1438.7517500807135,13.151255537370186,18.89763739636635,31.89080433371339,2.8350924560694697,12.452827163293243,12.424960453167856,3401118.5841255374,76.87243442846552,84.56512054923226,7.532962862175519,6.082719370007832,13.182629353369748,14.686149481563623,3.1114502826688657,9.881432522515578,5.126098992746354,11.490719954526641,23.58431834008204,93.46093866668842,87.87474567745043,73.04292451810808,78.89114525553335,7.729339673116949,3.8839993180658037,70.28781666087515,Leading,58.667050913167714,81.24990968741164,4.052039415308565,85793.6663760271,89.4573821235378
2025-07-16 16:08:17.716116,67.21728307679496,27.231395462748274,10.766082280501813,8.682596259041418,9.131740374095859,908.6528634911724,1401.62102788577,1273.989956852162,6.164052275912743,19.005837921205288,26.103895106485318,0.3296101819422894,-14.289356585907854,-15.3143905950329,2510274.976968253,80.46598564104788,83.48868873079049,7.715832207941272,6.191275646915344,20.870630850910608,13.828522193438452,3.398887704654512,7.84607002462524,3.247394954908565,6.19155326038085,21.177471412642074,91.8787263132066,80.52968797493907,71.05752591775594,83.06455745735663,8.048377609237814,4.0686349930213455,75.67003476207847,Leading,61.67240337156434,82.13445856562083,4.210134850938437,131321.33757669776,90.33721913654323
2025-07-17 16:08:17.716116,66.68366940983377,26.359683498676947,9.716973773610606,8.32637913490011,9.16736208650999,1170.145788553651,1214.5529893454943,1657.2279447083306,8.97728669233361,18.48879465087726,27.658907829853803,-0.10602407593542651,-4.307562848865487,12.154166633428368,2550615.3165596467,80.9756850548114,79.20358368453745,7.83886831416487,6.475407113500956,14.859522079559929,6.83126401467301,3.8409928425218096,8.169957965900789,5.981964566139567,11.716132659862655,23.47962217904292,92.74255099437144,84.820283314573,70.20047053608066,83.57629831161556,8.300679036789369,4.164485938678258,73.16689364299792,Established,66.0526606909692,76.98104744139799,4.21031186017772,154116.0397533652,90.04796507558856
2025-07-18 16:08:17.716116,62.43026125520036,27.783051573674335,9.05910271344396,11.29368760503002,8.870631239496998,839.039580761062,1096.897932114692,1880.3746217910193,10.954600787332895,15.059002765907605,33.57692615894638,9.669958055490198,4.835551235571906,9.1129974897466,2633600.8433527774,80.46132968584315,83.76475845504048,7.558016793745689,5.83232503063408,12.11767834828298,5.887124124182636,4.6406879720782435,9.148465059861282,4.820013122182871,10.048897104597327,18.777713909958386,91.56668771707686,84.21305153805483,69.37737887850447,79.88570349130958,8.031697697335199,4.2054396275180554,70.23531931703113,Basic,60.7946142696477,82.31040564061173,4.377711760323276,104980.60340850163,90.8985884089843
2025-07-19 16:08:17.716116,66.80984935323988,25.78237884004142,12.013885639889503,5.578342553391801,9.44216574466082,883.9887751267493,1450.7217991560337,1844.3906930026212,13.400654338748536,15.044981969085942,29.954370588774477,-1.9869570239767658,3.136925003179414,-16.65367531868587,2736475.2544649825,81.32634700403632,86.14038923459825,7.386896437368732,5.146679798183918,15.02163483001513,14.399606427938405,3.079103222445257,9.366762682213833,3.710331667535921,7.84430949549802,15.21585562575688,92.46810630629398,83.05840691701542,79.4222079693101,82.22151090770112,7.825179877271902,4.1101674768840795,70.3742861274987,Leading,66.45670364659173,81.67634132213163,4.24838189698115,142223.2255134641,90.78895687994817
2025-07-20 16:08:17.716116,56.62804238614153,26.062858971766325,8.08804177223858,16.346774813386215,8.365322518661378,1185.2270609864904,1257.4791508843186,1993.881199216708,6.504623724613904,21.376838261555655,30.168717150029742,-3.7655488787526226,-4.453051490850745,17.818811015174717,3111939.2187702293,82.98458242251223,85.4469079713817,7.473985007990356,5.330360677652493,19.940365945366985,8.449128922769296,4.814140637934545,8.182321321873559,3.953065924998653,6.828663529571752,18.968430621841343,93.64269215829518,85.99996242200321,73.87097986738705,81.00496884245649,8.39141594665207,3.8968177192040985,74.54964934965048,Basic,67.94580779137235,80.92652879892188,4.325826717365699,152866.13004784897,90.97771778531663
2025-07-21 16:08:17.716116,63.709330558175736,23.67623067075927,10.540323132209908,7.074115638855085,9.292588436114492,1180.2782446011147,1113.1325527367421,1812.418809512414,9.37002509914392,18.552145629518314,34.803272522087994,-3.082410018117246,4.830891458567606,8.511923541861009,3273029.120774992,81.09093570943297,84.23161518709493,7.8067287538835,6.011062573648864,12.233311350098216,7.000504225141212,6.5858600349048775,9.880207331094992,3.404896023145384,10.130805930561175,12.388968888719022,94.19127463824165,82.21425426527277,76.5386261012235,84.64300632101799,7.6949285421751865,4.050535518747077,71.44942378542508,Basic,64.84159421286762,79.86846588556739,4.14146028540087,157022.03154459232,91.18724590302924
2025-07-22 16:08:17.716116,64.89175809414029,23.928955383952804,9.793754818405551,6.385531703501359,9.361446829649864,1144.1190629796004,1217.443182970691,1712.9292445351516,13.434273653698956,21.073064284771803,31.053543351488493,-5.025034006831575,-9.148354048544247,2.2107700420513936,3137945.822462515,82.34364697307196,84.3975176305584,7.613286104212563,6.381858600939375,21.409640623822234,7.613725834568797,4.114256565900876,8.232092752319792,4.149566883561864,6.4243546074679,14.770596190926664,92.09192172035435,82.86510449181681,76.45479915860498,81.77562306686264,8.393519346584606,4.183185887366117,73.9759813256593,Leading,64.45549033007947,79.21534643251628,4.122193456071791,111999.36111094954,88.83483929333788
2025-07-23 16:08:17.716116,63.8178018393888,22.67269901105794,6.327609975812106,12.181889173741155,8.781811082625884,870.7402649500791,1099.1177052797211,1354.3762468015263,9.467503439323291,17.090795102315028,30.759905411220533,-3.2874454395403285,13.181528955630796,-17.490831990215483,2809952.6902285716,82.42786099896121,85.90922348699125,7.835881940592251,5.682302422420559,11.070580596708707,10.090980375428872,3.2024828204672326,8.667791528014384,4.121830269295046,10.194372796324888,13.187667964809126,92.96080324101345,83.79683809129054,76.972907761702,80.28303014874822,8.229718292047384,4.349493718335337,77.18347789274526,Established,62.85519374436409,83.68030012680121,4.384718499515398,132702.34408976848,90.79943808695793
2025-07-24 16:08:17.716116,67.35962768990314,24.68515737528504,8.875533829646299,8.798936484971795,9.12010635150282,1150.1339659196349,1038.6578230731377,1810.5223794729786,13.25258956955748,19.27952706024025,22.917790388729706,-2.889687637946901,-3.045850334396061,17.29035495604601,2784622.472608164,84.39888328078,81.25246464532788,7.393462574449126,5.8648037158898365,13.461371508527627,14.950288425352408,3.6235228618162405,8.412274022381466,5.218764173264264,6.912568395106688,15.193609938243467,90.77230087020816,83.0586608233199,73.92043771911118,83.1200234717618,8.375753805306813,3.9423424176463198,77.37156848061765,Leading,61.80053462656011,80.09521174706808,4.328538123025973,192635.06532259696,92.13652853624004
2025-07-25 16:08:17.716116,64.14554661019655,25.17687780260239,8.884167579626546,7.147163612779298,9.28528363872207,1146.9043192781494,1415.4277469524518,1832.261649470814,10.535376204897233,16.389599494135716,21.968011492408085,-7.478160996190246,10.638359693385354,-14.337716474173284,3308527.41424485,81.01379951060147,84.924334160733,8.08413826140381,4.544500096693199,18.829904098881666,14.69525266023907,2.679738632372265,10.386039365855815,3.7013725604467282,9.144541484495006,15.103302604994981,94.0560222289133,84.77507319213422,73.16467566568652,81.1743208861863,8.288294509514003,4.191027541046071,76.55339960240885,Leading,59.70454772502838,81.87025160382869,4.136707200891599,72997.95328060788,92.09195707757125
2025-07-26 16:08:17.716116,64.73116821628848,25.12955528794564,7.705350044652213,7.693037027004945,9.230696297299506,1087.6556434354325,1050.5867903656376,1317.6031611950327,5.400656841312166,18.230736204599097,33.1598350278216,0.1495155006814759,10.598121312397726,-16.65399312724498,2556102.7309964863,82.86799451120343,87.48900949930177,7.231955101560434,3.8355472442431005,15.716068843243022,13.864050984115892,5.125982780154358,9.327408334928963,5.505510665685351,11.29038425012466,13.59889037761673,94.5684711512762,87.44641116424823,73.0887606795409,83.7564702198223,7.868131175216929,4.075788136999449,76.06162057363868,Established,65.07087109939565,84.24746689939401,4.189375007918293,181555.10357543675,93.44181285054964
2025-07-27 16:08:17.716116,59.3603233020834,22.974115440298657,9.038786135025513,13.626775122592429,8.637322487740757,1067.821756052373,1087.905415804074,1764.2993563154803,5.106470306456056,18.669530054026417,26.989022459101342,-8.07759323829944,5.522921997145648,-15.889723625717762,2589961.7907905467,81.0279353112616,87.55948374979664,7.504470094451912,4.161637752854531,14.521205992092518,7.836986261651804,3.669936680547731,8.183818090642992,3.207287963188126,7.322675448395927,13.29512979694332,93.87649604081886,84.8303648512808,75.55125025846131,84.73440190832312,8.131897521058145,4.155239165293785,75.00938012594406,Established,62.02509093431918,85.69784598951566,4.20302325404937,108788.53405752857,92.26037644885088
2025-07-28 16:08:17.716116,61.92150867035552,21.40108748413185,7.5121332640571925,14.165270581455436,8.583472941854456,815.4594857649029,1328.5363255594084,1378.0991669477705,11.835180182773591,22.601693880835064,33.196940976105104,0.9650001697888833,9.899328168904539,8.927412148059215,2852981.171280099,82.79284073550363,84.17495150360453,7.690764269560572,5.603070380015042,19.98343791141361,13.060741742425071,6.002257052277023,8.603328030303325,3.8231807048498667,6.683276081878135,13.555657655431286,93.80466154819649,80.39779197344755,74.92565416945673,83.4255048888921,8.983852838253664,4.06920311898471,76.99647388075667,Basic,66.76562056993947,84.61822436716393,4.258419329009939,173578.03023682153,91.24390636681332
2025-07-29 16:08:17.716116,69.93221655777569,27.276293301908876,9.655877250437904,12.552632609246661,8.744736739075334,947.2433634041492,1381.152348459342,1437.7761557050505,8.279258391473224,18.810912359216815,32.84537005344447,5.582308674405462,-6.257463668283824,-14.255505542508553,2892793.1809413694,85.77095372232326,88.16091456757556,7.889377910185611,4.64777526980392,23.95151828613026,8.850598149013411,3.884855812201507,7.459804162397523,5.087130725230255,8.807262532331581,14.961623325396534,92.31203128095011,84.87319045147827,73.35816431762427,80.29603445688348,8.86478874637109,4.190416998231002,76.91138200090309,Leading,60.52291988049869,82.44096462000148,4.409675522414822,82022.4997849428,92.77622786129179
2025-07-30 16:08:17.716116,70.11206682417868,22.623195579784657,10.322147037191746,12.16672420720228,8.783327579279772,945.0470594824493,1379.6852680912348,1778.8704587982138,6.6517381106405935,19.2685988299865,26.640702644475372,0.17163657672849908,-1.1652459868869371,0.06862609103595929,3313144.458272378,85.79997975991354,81.03698524339772,7.808287281714152,5.005386552527076,19.82104381846956,6.306832118203096,5.49474597028905,8.534207371692816,5.2582696414475105,10.054892208259881,17.06082415070551,93.09471387449433,85.39617951804478,78.74963367373229,83.10241642338329,9.034609963449617,4.225233688001994,71.65621160475321,Leading,67.87697205847013,81.36789210860043,4.3375704536696915,73534.16884622398,93.41973545687068
2025-07-31 16:08:17.716116,66.14742648353831,26.62673064830381,12.872186012249262,4.901971119592858,9.509802888040713,898.0241177984328,1246.156786481085,1460.7899512821596,13.335274916585021,20.88763805200444,30.759407116256114,3.2060280562843424,-0.4883876637789175,12.19421095871499,3115366.8164628777,86.50966827635295,84.01347109820293,7.505908128037515,3.8114451722720446,19.375178192676508,9.835066703344289,7.0501679492195395,8.91306819140525,5.4989838385013785,8.736921674138873,21.654986636530285,93.01371324827049,83.23159581892754,75.68626931312393,84.76878782813186,8.243729014684938,4.34106755152151,71.58949303550523,Leading,70.36533679525593,82.74337681322564,4.3140205646439735,184783.86486322395,92.13743402000202
2025-08-01 16:08:17.716116,65.44839378866776,26.12796046560411,11.580302693466322,4.996051560805547,9.500394843919445,1149.9038951453394,1105.1071613243869,1896.3221660518848,14.177916435442125,22.160037927801966,28.9902714939389,-5.278593854654076,10.98482093394966,3.0730963331861005,3110669.2951690257,86.21567312647895,86.24582876112036,7.701913892323961,4.096488596133692,17.0412378938603,10.120309958840544,2.6860114924938543,7.22953770217979,5.739689965067393,11.039780205596038,12.761547898255168,94.53151473111038,85.98932411978315,74.10681259530799,84.48491372308187,8.190354593921503,4.207055552707055,74.01378935817256,Established,63.17928291454671,86.44181239867211,4.380273818413785,94895.12338723111,91.99132611458946
2025-08-02 16:08:17.716116,65.00314129461434,23.477166739703645,9.26117385693995,7.264800697970744,9.273519930202927,980.3011748449658,1201.2839370435054,1238.7103911561946,13.683469663943088,22.588813177994055,21.43653339068369,-7.356682397501713,-14.682544138831965,19.428728846334465,2916180.1960829874,85.71695654873874,85.56721553478847,7.865647064725729,4.686218315929195,16.273474440769714,6.766143563899158,2.321047140164683,7.033732952107427,3.949554774092308,9.235759628904813,15.063913099713742,93.58745775855266,86.9459383870894,75.11626299089144,82.40127904039768,8.409751358118912,4.409118872877215,74.38743982190393,Established,67.95917915127703,83.9442447228764,4.2997918596758025,67433.64001055693,93.32643089479888
2025-08-03 16:08:17.716116,67.14066657092337,24.719383644826674,9.830743166779579,7.590539759317119,9.240946024068288,938.8121763527893,1280.2638096322107,1814.3504689598058,9.028978366123273,18.659454020628164,33.625050894783165,-1.006272859017308,-1.5834581223242452,-3.6000355461351887,2863219.5954224044,82.79488968773963,87.95982941797863,7.441690545756219,4.394021590976974,18.554783157880543,14.603912502347898,4.341769373628061,7.737982589512347,5.386336870773924,7.9980194498427775,14.69306526994997,93.87976221575455,86.18698977867581,76.07520337299758,86.67165572958987,8.814715335001535,4.335838240863142,75.7304373317184,Leading,65.74672616909059,86.6822030018238,4.176727223165289,77116.28816347175,92.64327550733093
2025-08-04 16:08:17.716116,63.6704184653851,23.47679426208286,9.207286562559757,8.645500709972287,9.135449929002771,831.365122020453,1343.3403122097634,1224.0275960939439,13.591227553456193,23.255477440253394,31.90550474117628,1.0484073571973482,14.206021023455133,-1.665343889470705,3486532.4648043746,85.88203312123666,85.53580252611623,7.872114840204566,5.232035201954838,24.585209734932313,6.70962591117537,4.756470446535207,6.748326040812897,4.761509081197119,11.715375324184356,17.43922747346936,93.98899400650328,84.00832677632822,76.79912810751209,87.89901679600914,8.426666194287053,4.1020454875917425,73.34707792275827,Established,73.1125811931255,84.71197607730117,4.35018785775551,126646.10028141025,93.48242064325765
2025-08-05 16:08:17.716116,70.42218892490197,24.183741419799954,9.76264570337383,11.47580180172819,8.852419819827182,907.0828797281337,1423.861379453077,1718.6153442436535,13.14426156740018,23.36973280206448,20.933110597693993,-3.2571411305523856,5.279621818746186,14.123534029523618,3301433.05067192,86.53031870566734,86.07762847254345,7.571606147480856,3.9955922650471014,12.721312485035606,7.269205263682873,2.0522787336807182,6.336155966642257,3.2018252541619043,8.04286731771593,15.616599236400454,92.68049335419184,85.12450988184277,77.5338046155779,83.8158901528705,8.629295205312847,4.428625918875597,76.27818480837153,Established,66.73160259617035,86.26722069237061,4.563974736978693,126008.08531572628,91.73471059691087
2025-08-06 16:08:17.716116,64.04594048425216,24.752179217932774,13.764335429100532,2.4375448687145376,9.756245513128546,984.6004994314966,1268.2711621330166,1363.2140470574122,5.670290494982279,17.573883863862306,24.75734763444513,-1.6837223948912428,-6.121494898118835,-18.567561287805336,2594607.9651495013,83.3257652203092,85.57800646458972,7.803352171936181,3.66120288180815,24.46677833049996,14.368466549600626,5.961311981684767,9.133109254419963,3.21560228325713,9.019140501815397,12.540801381284567,94.09859381707484,87.48609690735621,71.23732562626732,88.92938561823283,7.776158809144605,4.291263677766172,77.07261011367835,Leading,68.53047708197633,84.55803121360847,4.256927451387543,121972.23604598743,92.18668656584933
2025-08-07 16:08:17.716116,70.63256923650759,22.882351681602685,8.883587969379333,13.866629585525574,8.613337041447442,874.6046551433158,1094.240088604861,1688.6695060903999,7.941343557025578,24.517279110556323,32.250889687659665,-6.775884499450131,10.019421492671139,-6.173692257950565,2727768.1671476727,86.51956604671273,87.42835074822649,7.760020414265665,4.92287991347714,18.431670818200704,11.149171963033176,5.766224595957394,6.124184291318268,3.211337597121249,11.435930323896088,16.398612397964172,93.57985270064479,85.63509829593313,71.36623358606185,86.00933912756982,8.960481456582016,4.177255766754175,75.81300743509023,Established,75.78382701918908,86.94397544796247,4.38993060882719,144192.96717125134,93.02343784922117
2025-08-08 16:08:17.716116,63.439733408964145,27.63751370226963,9.677628066318587,9.520152226986898,9.047984777301311,924.0346407583913,1254.9274091679702,1446.794461460262,9.227016124949168,24.15138326957346,33.74908449706985,9.843578514123895,-0.41629800746995826,-13.27844763271925,3389026.6387284333,82.22149865405423,89.79311369328683,7.904598061817945,4.389470186762394,14.128270347952363,10.597562255562535,7.9830515759948595,6.198409985349078,4.837046086854794,9.43718235867048,21.10899170261939,92.77127248755308,84.68370313429136,75.25013073608724,85.59695015409416,8.668004087521766,4.261858395515141,77.48580358221625,Established,70.1476104756192,83.90932205434851,4.518133341892375,52749.490691968116,93.9817749611685
2025-08-09 16:08:17.716116,66.09204876546207,27.34100571664679,5.754152485778102,12.678901996330756,8.732109800366924,1113.402286626843,1248.3252959174215,1994.6788181396369,12.428917180831043,21.833104403890765,32.02298282232534,5.5438039947498154,-8.409142547403931,-11.584642266272596,3106074.264813465,88.09432370788444,86.63954738846948,7.602727666301223,3.987979321133952,12.494706227120542,14.81741969715447,2.6962791978626632,5.824374225816917,5.91938491163009,9.680052476719691,12.892679400737428,93.15120461496143,88.30723928299861,77.18300615689729,89.55051821407461,8.331297497520673,4.235604660009801,78.11707620720064,Leading,69.99004459580661,85.84530485078106,4.45717764456584,79748.26267785043,94.0113975104132
2025-08-10 16:08:17.716116,67.06663199534464,21.374537483173935,7.37084145243864,13.321253059732062,8.667874694026795,991.7241571260181,1092.5228638509416,1396.3033390739147,13.267340497478772,17.285412207278274,30.430511768010682,-4.990603735860146,-8.628048995634648,-9.953777758407458,2968297.967290664,84.98143402743447,84.25426082729238,7.490315975725189,4.684102427131047,17.66015096090851,9.798129869354979,5.3936077979356,7.2251993110711,4.073483476580529,10.204663132575305,20.232854055232924,93.40578263701838,86.7082321886709,76.61175118275008,89.83103271408982,8.542703620923293,4.449885914228212,75.13852623945125,Established,70.57604110717331,86.25504349742228,4.4754021149213035,51838.02244413435,93.05743961095285
2025-08-11 16:08:17.716116,63.22050281780391,20.77731020116806,7.472938771606975,13.529248209421054,8.647075179057895,1129.4413675393223,1351.57767664879,1285.9337190844087,8.626788961202438,20.96679935457799,25.737333186554395,-5.833893376914638,3.8415887284997225,4.089966792337304,3474609.4408286368,88.52002687604522,87.67198495692408,7.804348954614336,4.841102926675389,10.793405537793536,6.434943976352097,5.023821185171896,7.078316175293765,3.6044451498832544,10.206266098390776,22.73063189764078,94.87733042615096,87.41495635364038,75.80035278312329,86.7121282491105,8.932559389248345,4.364873618764076,79.22597567045221,Leading,71.11692909702529,86.6536970956241,4.439715710366819,170386.65577474967,93.76945969538193
2025-08-12 16:08:17.716116,63.658794414115874,21.33324385599115,8.3960426353815,11.611919094511476,8.838808090548852,906.5492737853899,1364.0567536820938,1979.5073238374007,12.327987789501218,23.622987785159836,20.562301286331277,1.5405181884154207,12.422755982381787,7.295881658593302,3176462.2913564607,87.62552276819692,88.30026448790832,7.7675290439750455,4.654342278976967,16.39927309004097,13.242734646665772,4.78997409726126,7.655060591720617,5.467843910073471,8.909494482959847,18.957527383682535,93.31785667575623,88.45830782195684,79.84073659081943,84.31298022481857,8.645453363670832,4.392809013872542,77.58687662098869,Leading,76.18654742632242,87.52489020473635,4.501520895238512,151940.6041291518,93.58920060998311
2025-08-13 16:08:17.716116,68.04806921512545,27.064932982742445,10.372067541043835,9.740934656824061,9.025906534317594,806.0264683130894,1239.3894515270233,1896.0591313576083,6.961495277023206,24.5800932148056,31.10902623437677,5.248449662057389,4.964285424422485,-2.1010236694808953,2960956.4237998337,86.60234614349122,87.9359367298861,7.4550180413439975,4.579709486112618,24.76474612877339,5.036929871012067,2.3820460414595885,6.602413946440199,3.4156053420470904,8.69184174496489,15.871890515026653,94.72234028128292,87.28311508378272,79.4014270780997,87.10311666023473,8.363116713791252,4.3831076262048265,75.95597510294006,Leading,75.25502755114434,87.02026894665401,4.268424644443286,187533.46343658486,93.13929497079873
2025-08-14 16:08:17.716116,70.69097837000783,25.00364289135623,8.252006531435098,12.442614729928957,8.755738527007104,824.0634265162705,1275.1856600183785,1958.7710324031807,6.355882507011794,16.20830302278282,24.088964483393475,3.307877859661561,1.4344051913555376,-16.151721588790156,2942300.241480313,85.88045653308323,87.69102985647459,7.660760882119951,6.000492361674468,19.137323718826238,12.015824208841359,2.0261480397992218,7.533068769355048,3.09274310217052,9.66930837570352,14.185704523675488,94.69673487948496,89.02509018733402,78.92366692331515,85.45475021935992,9.328669860272276,4.4411068613807565,77.18543019808737,Established,74.2395248464705,88.24134583072276,4.507250149077662,110174.5907121881,93.2508770430662
2025-08-15 16:08:17.716116,63.15730094396998,27.00251015218227,11.286624332190954,7.558584876021339,9.244141512397865,820.0489131668241,1243.4758350441336,1251.4933617547354,13.636133042274214,19.76338824776076,33.722327393796384,-8.428423742066327,-5.085900456711467,7.0615373245291195,2793586.0810199953,85.59514017307367,85.26262056922062,7.848876222025511,4.546441273991386,18.339797699855076,12.692416662343888,4.630068526194529,6.252410382686446,5.338559649114552,7.872973663297464,16.209689965422093,91.9965814476384,88.12491822022605,75.24416104234085,87.135177161314,8.616819646311322,4.542905873345039,75.8288948178689,Basic,75.53436664620298,89.84697210077208,4.302128871202994,104790.12697006456,94.14532001042143
2025-08-16 16:08:17.716116,65.92083349622764,25.134955450617245,12.708060371205178,3.34772857563971,9.665227142436029,1167.8181188567223,1355.8404445429526,1232.248419756365,11.322368025455855,20.453910142844713,27.48970007445207,1.060879352502944,-1.1830251948429815,7.673289305748916,2514912.9028009884,85.17012065890364,87.17842105921628,7.649139859516723,3.82858474451309,22.3021896633592,14.29391371428067,6.5072929361667144,6.084371368529091,5.786454144986166,10.45932823551023,17.292672225652993,93.25274998923565,86.29431118450213,78.07628254319883,87.46667999933946,8.42239776922265,4.387553777285781,78.94922575589291,Established,76.33948666878227,89.25628081381922,4.557513857928535,182643.10426665237,92.6664679896073
2025-08-17 16:08:17.716116,62.289985688623595,23.401063129411707,5.3179501890556224,13.991000992909076,8.600899900709093,893.5540067692092,1043.0415980121352,1725.2691383093775,6.742407841851676,24.148996820600946,24.315272046620436,-6.0462751819406035,-9.175255427617072,-8.421260246800152,3112165.7893283153,87.75372166032538,89.1712961886681,8.111988709212248,4.495608436289078,15.010561669715216,6.798766725218792,4.601761916466112,6.916568572232298,5.933819538795435,10.129900744963688,19.845129118291723,94.04558213770348,86.56515479387086,83.75896082457737,86.50398914100592,8.835175282271988,4.180044409568434,78.17010037541199,Basic,69.22907240377432,89.12918952153764,4.548618427133089,91432.94845979247,96.46754206177583
2025-08-18 16:08:17.716116,58.34198525085913,26.463991101246595,9.59169035376753,13.530315496619933,8.646968450338006,816.0599647514382,1381.7863764218985,1970.9467113862793,6.6938382010014985,24.72783370677478,29.257907857876496,6.947716428849674,-0.8131399273339728,4.900863257287472,3341057.8614904983,89.38257073138169,89.08968412548812,8.040570265003016,4.228761048223885,13.638909107999968,8.655234614141602,7.306995832634494,6.3500287019073545,4.37889809867279,11.708854077173866,14.90808113500084,95.18979661063882,85.03898070811783,76.39666205860341,87.21224558450342,8.377314379838346,4.325247493939165,75.97338077197034,Leading,74.94798735261362,88.91782744617038,4.56060731313681,94668.69366780788,94.2729138272753
2025-08-19 16:08:17.716116,68.21745446641977,20.730682920596657,7.827964037486184,14.658807508336928,8.534119249166308,1118.111413296866,1436.8347054653718,1891.9443788682934,8.752891175125075,21.35774553110854,27.45636867949168,7.778385004268888,11.669157446358422,-17.845110031156572,3072140.149442582,91.35795591883621,88.70686526201227,8.034142375397357,3.786853267012783,21.07914551603143,5.267460155355492,4.58760981829578,6.103796159961508,3.889632867681046,11.01592250813821,23.887940500304374,95.50662877491688,87.26380113380722,76.67204313776995,88.49519344182134,8.871639870535153,4.4546076627947215,79.47945758952537,Established,74.787758817171,90.64859718121936,4.564430906266534,103751.75374705785,95.16076372770297
2025-08-20 16:08:17.716116,62.46543743354637,26.61281971820619,10.158661182282936,8.988721102376884,9.101127889762312,960.4808313395923,1275.3640920194812,1790.0545205129486,12.973221484639634,24.749586973623252,23.1343616021462,0.08877354211424482,-12.256268905897235,-16.70903501001622,2604332.626418432,88.89194852630246,90.57957906576996,7.708319210359064,4.136186010652405,18.328048563454985,7.063670016389776,6.74648725426838,6.874054705915261,5.665062339276517,8.913580907740617,13.930491288605902,94.62386777953687,87.03100196549462,81.23781178537598,88.43554437747764,8.909208052867635,4.283731950021429,77.01928748624314,Established,74.8987230942061,87.59586574471648,4.604948997258447,100425.5269934274,94.32864546362977
2025-08-21 16:08:17.716116,64.81062745759198,25.593370507306943,14.292152905184667,1.4905901445302998,9.85094098554697,1003.4398454168801,1082.9603177152521,1970.117185509615,14.145974382688959,24.52421053074586,24.36398310763937,-0.4670294516754794,0.5677850092011738,-0.41301291925705996,2519189.494529813,89.69739873062396,90.39279624850047,7.58677347902084,4.10612636331579,19.52465369729182,6.382920971959206,7.983666271985896,4.92329393647552,5.15700148658247,6.767803488386434,16.364948595392345,96.95049227410391,81.47586118615229,79.17517888627584,86.88830788541416,8.922283815731593,4.729916854833126,79.40340554612663,Leading,81.75244124647331,93.09405381386011,4.656676834115889,64189.35663456754,94.8553702191981
2025-08-22 16:08:17.716116,66.6544303356287,26.196736427472715,10.077957188237466,7.773209574863952,9.222679042513604,1165.6026431107448,1301.353219436724,1681.442397683239,6.228486360813673,21.66379310336091,33.32480868719041,-1.413047430900436,5.453037400531237,-8.2027554537108,2768899.2128147027,86.49099547173088,88.01820338722472,7.804536164936,4.571515342926566,21.709819691064105,7.895631438676682,3.0086697003557976,3.6475425811824578,4.349288240662393,10.737088152860498,16.671988451100518,94.53493507735602,88.16964128602768,78.56629447062008,92.0956089817305,8.793842530118697,4.38758967026418,80.59804191323119,Established,79.54518363626595,87.78962947952878,4.487215374268399,172768.6867881393,95.2452967839306
2025-08-23 16:08:17.716116,65.26366008386131,25.575947891248592,8.859429320315071,6.980178654794832,9.301982134520516,1169.2482813326621,1082.4389644108342,1988.308380565113,6.9586982510302295,15.862755973087094,27.435469686003067,6.111452215849059,-4.36874479633307,-6.726356447182704,2697111.31648761,87.42431125704717,90.097174889916,8.23735120938207,4.013682054459709,24.555125867634363,6.7733560109057676,2.567901190045993,5.4750347328334446,4.036262671514691,11.761670452861127,16.6822691915269,95.05301031286885,89.02171220395032,77.50912529915634,86.85824288642861,8.557969607574075,4.639341172797973,78.28543223010881,Leading,76.33801800908442,86.60977182847654,4.518599544168021,154565.8343316437,94.55185294144192
2025-08-24 16:08:17.716116,61.79366190383415,25.384810414877972,8.083747007541191,10.507401503502631,8.949259849649737,935.2325287102083,1158.4266211321662,1723.727716194364,6.787484251895889,24.87434932711651,30.305830561083017,-7.4575984113787275,-10.859095458544958,5.931731429225067,2883174.2793740453,92.47138106116945,92.0185733701232,8.147715983957905,3.2687592345057115,18.26741679529487,9.218653848557903,7.342022360975601,5.592287367728731,5.220633973220356,9.713904813156446,12.476675097337008,94.86118031137616,88.14526796377635,81.23354043562908,86.28994603850303,8.981557242562015,4.599199271460839,78.61602638327086,Established,82.88854111721147,91.14044194535603,4.320598736134744,75126.47985299845,94.95878604534482
2025-08-25 16:08:17.716116,65.18048975158517,23.49901391305813,12.208849994721586,4.4726258438054565,9.552737415619454,1145.544127073656,1447.862511837294,1341.4450235613272,5.531338607914793,20.724759414498852,27.13824329385946,4.293724138655961,-6.208239346712682,-4.791522629631807,2763852.267038453,83.28706925251808,92.17811289034748,8.095793732004385,3.0086336673600687,15.876404660111756,9.325611855772525,2.0119066907514265,5.022050165187679,5.624732532574134,8.436203074637637,19.52630937677895,93.56586686014707,87.14412821987209,77.84248237844265,88.39468340363689,9.190128915760225,4.540549914998606,76.71658439704352,Leading,80.71943094761387,87.01430961761827,4.749559461472397,192015.36810810084,95.82873625769831
2025-08-26 16:08:17.716116,66.39285854766337,22.990034392298693,8.881857766457946,9.520966388906727,9.047903361109327,955.9846134185284,1417.6954327057738,1242.9680239633558,12.336524582046085,24.125920335870504,21.188627597207898,5.814600323361642,-11.770732540668273,18.514145927850258,3315364.712898262,87.86530296482493,90.78208391660239,8.358432364406598,4.083346720318877,17.234798173688297,13.450563883413656,4.343970335216307,4.99379968404623,4.355580657416072,7.992472017883039,23.408859142570527,96.55852867897588,87.46756560318076,76.71780009973625,91.31377965223838,9.005320436770825,4.5739503796106895,80.28031460462984,Basic,80.27369721922996,92.30830926543014,4.643551443190298,185974.74087287526,96.54967263638143
2025-08-27 16:08:17.716116,65.12511257639181,24.435430118103554,12.158139894295086,3.531542563993174,9.646845743600682,836.6754685675114,1483.0142755284235,1756.6548486550555,6.711639910222006,24.7383219443129,30.73679124313081,-8.19263345668048,-9.875596094915727,14.616415553504623,3453832.4892884055,87.69791866136306,86.41243605212495,8.22689910321105,3.8231636261381032,16.798842045639294,8.752572177037383,5.731211763414617,8.142422729726636,4.221039498445974,8.763085154926431,12.431703990323388,94.10992297044795,86.51911734204127,83.00401983508034,90.50578467632201,8.731823786899906,4.590080851339466,82.86361674191518,Established,86.69500462224916,93.93370071853433,4.636936517002113,95455.99006231636,94.59521620832128
