date,project_id,project_name,communication_id,stakeholder_type,communication_type,frequency,attendance_pct,engagement_score,satisfaction_score,action_items_generated,issues_escalated,feedback_received,delivery_method,response_time_hours,follow_up_required
2025-03-02 02:00:46.637944,PQC-001,Student Portal Upgrade,PQC-001-COMM-98d237,Executive Sponsor,Email Update,Bi-weekly,70.2023509323303,8.697598858169432,7.854991300713518,4,1,False,Email,14.367261661580901,True
2025-03-02 02:00:46.637944,PQC-001,Student Portal Upgrade,PQC-001-COMM-adbd04,Vendor,Status Report,Bi-weekly,87.55854593633165,7.590208980736793,8.260494438912316,2,2,False,Virtual,24.973861413874427,False
2025-03-02 02:00:46.637944,PQC-002,Cloud Migration Phase 1,PQC-002-COMM-e76143,Vendor,Presentation,Bi-weekly,88.86601330714527,7.023340886442676,7.887838909012755,0,0,True,Dashboard,20.751111467064163,False
2025-03-02 02:00:46.637944,PQC-002,Cloud Migration Phase 1,PQC-002-COMM-779d10,IT Team,Presentation,Monthly,69.83633284833599,8.49536002750582,7.022984946596231,0,0,False,In-Person,9.381280256476416,True
2025-03-02 02:00:46.637944,PQC-002,Cloud Migration Phase 1,PQC-002-COMM-12e339,Business Owner,Presentation,Weekly,86.13718238368013,8.521979420255422,8.652976180391525,2,2,False,In-Person,16.251116264833573,True
2025-03-02 02:00:46.637944,PQC-003,Cybersecurity Enhancement,PQC-003-COMM-c17a29,Business Owner,Status Report,Weekly,85.98857914941475,6.268225322663371,8.74527160509367,4,2,True,Email,45.82949078211528,True
2025-03-02 02:00:46.637944,PQC-003,Cybersecurity Enhancement,PQC-003-COMM-6eaf0b,Business Owner,Status Report,Bi-weekly,69.50245639636537,6.811242566012725,7.637217925527215,4,0,True,In-Person,25.14409373737084,True
2025-03-02 02:00:46.637944,PQC-003,Cybersecurity Enhancement,PQC-003-COMM-5c52c2,Vendor,Meeting,Monthly,89.32679311981312,9.005674977723153,8.49671170733148,0,2,True,In-Person,23.122704751697842,False
2025-03-02 02:00:46.637944,PQC-003,Cybersecurity Enhancement,PQC-003-COMM-c424c7,IT Team,Workshop,Weekly,85.92191521130297,9.02040339645437,8.063778158015028,3,1,True,Virtual,5.843499525491728,True
2025-03-02 02:00:46.637944,PQC-004,LMS Modernization,PQC-004-COMM-a446ee,Business Owner,Email Update,Bi-weekly,64.25233868807179,8.221237397705831,8.164287615155597,1,0,True,Email,13.28620645164571,True
2025-03-02 02:00:46.637944,PQC-004,LMS Modernization,PQC-004-COMM-5a2b3b,End User,Presentation,Ad-hoc,81.57051700740034,7.949074551102336,7.831550207046644,5,0,True,Virtual,20.945778059204816,False
2025-03-02 02:00:46.637944,PQC-004,LMS Modernization,PQC-004-COMM-f6cb9b,Vendor,Meeting,Bi-weekly,74.41853332619357,9.046844381942844,8.262837842436753,7,2,True,In-Person,24.802372510666988,False
2025-03-02 02:00:46.637944,PQC-005,Network Infrastructure,PQC-005-COMM-6ad974,Business Owner,Status Report,Monthly,64.00000194992928,8.67680340360747,8.357795450155681,1,0,False,In-Person,2.8337058881035677,False
2025-03-02 02:00:46.637944,PQC-005,Network Infrastructure,PQC-005-COMM-6aa2d6,Executive Sponsor,Email Update,Weekly,74.28416698890732,9.099669174846206,7.443800921568746,1,0,False,In-Person,26.640203569988614,False
2025-03-02 02:00:46.637944,PQC-005,Network Infrastructure,PQC-005-COMM-e788c0,Executive Sponsor,Status Report,Monthly,64.45852456001188,6.999280730414791,8.063154793549986,4,2,False,In-Person,42.59775433152797,False
2025-03-02 02:00:46.637944,PQC-006,AI Tutoring System,PQC-006-COMM-c6ca0f,Executive Sponsor,Meeting,Monthly,69.83086878151853,6.727847257512865,7.0839708578191765,5,2,True,Dashboard,41.00468265311403,False
2025-03-09 02:00:46.637944,PQC-001,Student Portal Upgrade,PQC-001-COMM-21c80c,Vendor,Meeting,Bi-weekly,77.96788735787204,9.462262138852125,7.463096871930098,4,2,True,Email,12.125120991618644,True
2025-03-09 02:00:46.637944,PQC-002,Cloud Migration Phase 1,PQC-002-COMM-991b7b,End User,Presentation,Monthly,72.9318676910983,6.158617476363131,7.699889879059279,7,2,True,Virtual,32.4374772663934,False
2025-03-09 02:00:46.637944,PQC-002,Cloud Migration Phase 1,PQC-002-COMM-9078fb,IT Team,Presentation,Bi-weekly,87.04833506516181,7.919467070477469,7.132926651552545,7,0,True,In-Person,25.969366763385842,True
2025-03-09 02:00:46.637944,PQC-002,Cloud Migration Phase 1,PQC-002-COMM-5182d9,Business Owner,Presentation,Weekly,60.51198906071865,6.725348049191074,8.426471736166674,2,2,True,Email,42.95883779208911,False
2025-03-09 02:00:46.637944,PQC-002,Cloud Migration Phase 1,PQC-002-COMM-0c4aaf,Executive Sponsor,Email Update,Weekly,82.89464579597558,9.111947733790036,8.15761350902388,5,1,True,Virtual,21.088675908403598,False
2025-03-09 02:00:46.637944,PQC-003,Cybersecurity Enhancement,PQC-003-COMM-22b9f9,End User,Status Report,Ad-hoc,80.99199602396743,9.015297975294128,8.73727927964685,1,2,True,In-Person,28.89473214762794,True
2025-03-09 02:00:46.637944,PQC-003,Cybersecurity Enhancement,PQC-003-COMM-e59e62,End User,Meeting,Monthly,83.08287690242696,8.786845076894789,7.5438920788368975,5,0,True,Virtual,36.41871024126721,True
2025-03-09 02:00:46.637944,PQC-003,Cybersecurity Enhancement,PQC-003-COMM-26cb82,Vendor,Presentation,Weekly,84.31243356128047,6.765504645492745,8.190606531854979,5,1,True,Email,39.79580491624147,False
2025-03-09 02:00:46.637944,PQC-003,Cybersecurity Enhancement,PQC-003-COMM-4c5fa3,IT Team,Meeting,Weekly,86.17435010442252,6.527128361263959,7.434461772906022,4,2,True,In-Person,42.44254553965739,True
2025-03-09 02:00:46.637944,PQC-004,LMS Modernization,PQC-004-COMM-6b4bf7,IT Team,Meeting,Ad-hoc,71.30595710139329,9.14271715435183,8.776236377868072,7,2,False,Dashboard,32.67150785005927,True
2025-03-09 02:00:46.637944,PQC-005,Network Infrastructure,PQC-005-COMM-148e7a,End User,Status Report,Bi-weekly,84.73932495231894,9.385422556342279,8.65330411492128,3,2,False,Email,39.10659243923356,False
2025-03-09 02:00:46.637944,PQC-005,Network Infrastructure,PQC-005-COMM-881c00,Vendor,Email Update,Monthly,79.99068045178264,7.064105953567998,7.636208893806944,2,2,True,Email,20.67654287848109,True
2025-03-09 02:00:46.637944,PQC-005,Network Infrastructure,PQC-005-COMM-3459af,IT Team,Workshop,Monthly,60.551001954848694,6.060024236703193,8.833206603284822,0,2,False,Email,2.2459233993007652,False
2025-03-09 02:00:46.637944,PQC-005,Network Infrastructure,PQC-005-COMM-d178f6,Vendor,Workshop,Weekly,80.54277772956175,8.033326329608627,8.981358314131532,6,2,True,Virtual,8.368032693152138,False
2025-03-09 02:00:46.637944,PQC-006,AI Tutoring System,PQC-006-COMM-d0bed2,End User,Email Update,Bi-weekly,73.0020080280802,8.16484470551365,8.266145306999025,4,2,True,Virtual,31.877410766542578,False
2025-03-09 02:00:46.637944,PQC-006,AI Tutoring System,PQC-006-COMM-dc560b,IT Team,Status Report,Bi-weekly,61.86717989461142,7.591675198934314,8.34957260433482,6,1,True,Email,44.55217006577867,False
2025-03-09 02:00:46.637944,PQC-006,AI Tutoring System,PQC-006-COMM-7c5e38,Executive Sponsor,Email Update,Monthly,94.09866789506646,6.244302291151201,8.109375419560173,0,2,True,Email,11.391661721739178,True
2025-03-09 02:00:46.637944,PQC-006,AI Tutoring System,PQC-006-COMM-408c3c,Business Owner,Status Report,Weekly,93.20605383023988,6.212117177002185,8.370790686892011,0,2,True,Email,40.555128849477555,False
2025-03-16 02:00:46.637944,PQC-001,Student Portal Upgrade,PQC-001-COMM-a2330f,End User,Presentation,Ad-hoc,93.3737284248028,9.085654739572991,8.168999591061581,0,1,True,Virtual,28.82677699674649,False
2025-03-16 02:00:46.637944,PQC-001,Student Portal Upgrade,PQC-001-COMM-9a337d,End User,Presentation,Ad-hoc,62.32846628737993,6.807781288742861,8.8313444645233,3,2,False,Virtual,29.451715318237724,False
2025-03-16 02:00:46.637944,PQC-002,Cloud Migration Phase 1,PQC-002-COMM-6c16dd,End User,Workshop,Monthly,70.0281842124493,8.809241093235254,8.994475799807205,3,0,False,Email,29.739819532451033,False
2025-03-16 02:00:46.637944,PQC-002,Cloud Migration Phase 1,PQC-002-COMM-b831c5,Vendor,Presentation,Ad-hoc,62.34557882129235,9.413700967176748,8.633947814543674,7,1,False,Email,27.386348275374537,False
2025-03-16 02:00:46.637944,PQC-002,Cloud Migration Phase 1,PQC-002-COMM-0d5bcc,IT Team,Meeting,Bi-weekly,76.62328378423119,6.1932788226005995,8.884766908004554,7,2,True,Email,47.32397628521513,True
2025-03-16 02:00:46.637944,PQC-003,Cybersecurity Enhancement,PQC-003-COMM-23a5e3,IT Team,Email Update,Bi-weekly,82.07033295540823,6.768973766369902,7.04104162945865,1,2,True,Dashboard,33.0037335747036,True
2025-03-16 02:00:46.637944,PQC-003,Cybersecurity Enhancement,PQC-003-COMM-8e58d5,Vendor,Meeting,Bi-weekly,91.43833223836323,8.718811662489607,7.152959910998626,7,2,True,Virtual,24.288747773680498,True
2025-03-16 02:00:46.637944,PQC-003,Cybersecurity Enhancement,PQC-003-COMM-15a125,IT Team,Workshop,Ad-hoc,80.32446795939998,7.769280661364524,7.2881575720264,2,1,False,In-Person,23.14086663182666,True
2025-03-16 02:00:46.637944,PQC-003,Cybersecurity Enhancement,PQC-003-COMM-4b4f5d,Executive Sponsor,Meeting,Weekly,74.65125462214155,7.604509984460033,8.450012152598237,7,1,True,Dashboard,32.55327880130214,True
2025-03-16 02:00:46.637944,PQC-004,LMS Modernization,PQC-004-COMM-d1be0d,Vendor,Status Report,Ad-hoc,91.13317588653172,7.3001354191853185,7.390333034437301,1,0,False,Email,27.74062730540573,False
2025-03-16 02:00:46.637944,PQC-004,LMS Modernization,PQC-004-COMM-262d4f,IT Team,Status Report,Monthly,87.99012697665518,6.431314015007137,8.397061250418274,2,0,True,Dashboard,11.035283930112799,False
2025-03-16 02:00:46.637944,PQC-004,LMS Modernization,PQC-004-COMM-77ed16,Vendor,Email Update,Weekly,80.27600633316783,7.713685617175857,8.289490497153636,3,2,False,In-Person,32.436693942942696,True
2025-03-16 02:00:46.637944,PQC-005,Network Infrastructure,PQC-005-COMM-c899f6,IT Team,Workshop,Bi-weekly,89.89912761490675,7.717677523493261,7.813113567616209,7,1,True,Virtual,46.61662016587878,False
2025-03-16 02:00:46.637944,PQC-005,Network Infrastructure,PQC-005-COMM-1fde5b,Executive Sponsor,Email Update,Bi-weekly,72.85867550439747,6.30456026405976,8.113569821856377,6,0,False,Virtual,47.47199580779055,True
2025-03-16 02:00:46.637944,PQC-006,AI Tutoring System,PQC-006-COMM-e2b238,Vendor,Meeting,Ad-hoc,68.73841334590806,6.9213657128130395,7.001306781522599,6,1,False,Dashboard,19.320393238307723,True
2025-03-16 02:00:46.637944,PQC-006,AI Tutoring System,PQC-006-COMM-0e1fb3,IT Team,Status Report,Weekly,72.29267855720732,6.328217841899558,7.972260970429848,1,2,True,Virtual,30.057311695418377,False
2025-03-16 02:00:46.637944,PQC-006,AI Tutoring System,PQC-006-COMM-b93744,End User,Workshop,Monthly,60.22523240238785,8.703807001277914,8.404976683176937,6,1,False,Email,29.457891765146183,False
2025-03-23 02:00:46.637944,PQC-001,Student Portal Upgrade,PQC-001-COMM-fd781d,Business Owner,Workshop,Bi-weekly,88.96435682959165,6.597479271593681,7.06092737261792,4,2,True,Email,30.295940464895192,False
2025-03-23 02:00:46.637944,PQC-001,Student Portal Upgrade,PQC-001-COMM-6dd4de,Business Owner,Presentation,Monthly,64.31902853219587,8.192128230796683,7.556941457855105,0,0,False,In-Person,38.61634051165503,False
2025-03-23 02:00:46.637944,PQC-001,Student Portal Upgrade,PQC-001-COMM-f12804,Executive Sponsor,Presentation,Weekly,87.06833667237873,9.20238052777289,7.378278200045969,2,1,True,Email,38.866505706255865,True
2025-03-23 02:00:46.637944,PQC-001,Student Portal Upgrade,PQC-001-COMM-84ae3a,End User,Email Update,Monthly,87.04699968827777,6.82926663717327,8.354786259777745,4,2,False,Virtual,5.043598686384261,True
2025-03-23 02:00:46.637944,PQC-002,Cloud Migration Phase 1,PQC-002-COMM-d92448,End User,Status Report,Weekly,68.20489600040301,7.207793109296318,7.060207744422637,2,1,True,Email,31.306356237924355,False
2025-03-23 02:00:46.637944,PQC-002,Cloud Migration Phase 1,PQC-002-COMM-dea2f2,End User,Presentation,Bi-weekly,81.68655744307227,8.098696489609726,8.012660618708535,5,1,False,Dashboard,46.31457474051774,True
2025-03-23 02:00:46.637944,PQC-002,Cloud Migration Phase 1,PQC-002-COMM-c4e203,Executive Sponsor,Status Report,Ad-hoc,81.7941339332429,9.46538096130403,7.623758871527451,2,1,True,Email,41.07857391244346,True
2025-03-23 02:00:46.637944,PQC-002,Cloud Migration Phase 1,PQC-002-COMM-498297,Executive Sponsor,Presentation,Ad-hoc,92.8648747730092,7.584847999738209,7.396982149210698,2,0,True,Dashboard,29.37979036983624,True
2025-03-23 02:00:46.637944,PQC-003,Cybersecurity Enhancement,PQC-003-COMM-989ca6,Vendor,Status Report,Monthly,77.55312861225582,6.863305155318923,7.941920504869467,1,0,False,Dashboard,14.559868489079111,True
2025-03-23 02:00:46.637944,PQC-003,Cybersecurity Enhancement,PQC-003-COMM-f14685,Vendor,Email Update,Bi-weekly,92.95365185995544,8.744721610278434,7.924782353825082,0,0,True,Email,20.51068792776834,False
2025-03-23 02:00:46.637944,PQC-004,LMS Modernization,PQC-004-COMM-6ee459,IT Team,Presentation,Monthly,70.45999973406607,6.374700124939651,7.880116093018797,1,1,False,In-Person,21.7780505098718,False
2025-03-23 02:00:46.637944,PQC-004,LMS Modernization,PQC-004-COMM-94095e,Vendor,Workshop,Weekly,64.0923237433887,8.387536065465723,8.899799336492151,5,2,True,In-Person,28.84583170237259,True
2025-03-23 02:00:46.637944,PQC-004,LMS Modernization,PQC-004-COMM-8d09f5,Executive Sponsor,Email Update,Ad-hoc,67.62680478882046,6.0531190880038945,8.162834211164041,4,2,True,Email,34.185735816700586,False
2025-03-23 02:00:46.637944,PQC-004,LMS Modernization,PQC-004-COMM-7051f4,Business Owner,Status Report,Ad-hoc,60.37838792723187,8.892928759670125,8.60196140080673,4,1,True,Email,18.630904342685774,True
2025-03-23 02:00:46.637944,PQC-005,Network Infrastructure,PQC-005-COMM-1eeb46,Vendor,Workshop,Weekly,91.34942871197804,8.742250282958398,8.399410412198952,2,1,False,Dashboard,6.750190408252227,True
2025-03-23 02:00:46.637944,PQC-005,Network Infrastructure,PQC-005-COMM-ced8ba,End User,Workshop,Weekly,88.65590803194178,9.44248522279782,7.519341677900828,6,1,True,Email,8.638223233193738,True
2025-03-23 02:00:46.637944,PQC-006,AI Tutoring System,PQC-006-COMM-5f4390,IT Team,Status Report,Monthly,67.63909554428054,9.46301118022871,8.148873511744412,0,2,True,Virtual,39.883402424143675,False
2025-03-30 02:00:46.637944,PQC-001,Student Portal Upgrade,PQC-001-COMM-e6a021,End User,Workshop,Ad-hoc,72.68959287956831,8.820000839838762,7.656358965595224,1,0,True,In-Person,18.483394206896993,False
2025-03-30 02:00:46.637944,PQC-001,Student Portal Upgrade,PQC-001-COMM-43c27c,End User,Workshop,Monthly,88.82682637621407,7.346138765925689,7.918248046573362,4,2,True,In-Person,44.95247345806762,False
2025-03-30 02:00:46.637944,PQC-002,Cloud Migration Phase 1,PQC-002-COMM-9ff635,Business Owner,Meeting,Monthly,76.64586671377029,7.4271183675095624,7.322437623950245,7,1,False,In-Person,44.69268443345018,False
2025-03-30 02:00:46.637944,PQC-003,Cybersecurity Enhancement,PQC-003-COMM-0f3c3e,IT Team,Email Update,Monthly,92.84687553749541,8.316222063650734,7.1536060966288435,2,2,True,Dashboard,4.152148868701352,True
2025-03-30 02:00:46.637944,PQC-003,Cybersecurity Enhancement,PQC-003-COMM-24efa7,Vendor,Status Report,Monthly,68.93677308171354,6.370560113745952,7.709795366973108,4,1,True,Virtual,14.792577693052396,True
2025-03-30 02:00:46.637944,PQC-003,Cybersecurity Enhancement,PQC-003-COMM-2a5c12,IT Team,Email Update,Ad-hoc,88.95557524080361,6.146703258506902,7.838365751804242,3,0,False,Email,12.64350927333501,False
2025-03-30 02:00:46.637944,PQC-004,LMS Modernization,PQC-004-COMM-692227,Executive Sponsor,Workshop,Bi-weekly,91.01636202452708,9.270064399586216,8.832841089064132,1,0,True,Email,6.203208823578823,True
2025-03-30 02:00:46.637944,PQC-004,LMS Modernization,PQC-004-COMM-b69f16,Business Owner,Workshop,Weekly,74.99602663470785,8.560237624150986,8.648943035209099,4,2,False,Virtual,45.38604185621911,True
2025-03-30 02:00:46.637944,PQC-004,LMS Modernization,PQC-004-COMM-363309,IT Team,Presentation,Weekly,92.02712563810279,6.879092436419405,8.688424650572287,7,1,True,In-Person,43.47281824320511,True
2025-03-30 02:00:46.637944,PQC-005,Network Infrastructure,PQC-005-COMM-3950fd,End User,Email Update,Bi-weekly,60.22326651923068,9.424241754698999,8.931494419639495,3,0,False,In-Person,41.43081622474108,False
2025-03-30 02:00:46.637944,PQC-005,Network Infrastructure,PQC-005-COMM-379138,End User,Status Report,Ad-hoc,73.37882881921104,8.167702089479189,7.908806308959906,1,2,False,Dashboard,32.33727515596105,False
2025-03-30 02:00:46.637944,PQC-005,Network Infrastructure,PQC-005-COMM-067716,Executive Sponsor,Email Update,Weekly,66.93334308521014,6.229922407713807,8.774238634447396,4,2,True,Email,21.19089725397052,True
2025-03-30 02:00:46.637944,PQC-005,Network Infrastructure,PQC-005-COMM-dbb1cc,Vendor,Status Report,Bi-weekly,91.4287626396726,6.29444681790784,7.786207815118802,6,2,True,Virtual,9.342745465879693,True
2025-03-30 02:00:46.637944,PQC-006,AI Tutoring System,PQC-006-COMM-eee7bc,End User,Email Update,Monthly,89.05528440492714,9.318880382265277,7.609204711548381,0,1,False,Dashboard,3.6527883805547576,False
2025-03-30 02:00:46.637944,PQC-006,AI Tutoring System,PQC-006-COMM-13c2c1,End User,Email Update,Ad-hoc,80.08824531241537,7.3751328811261265,7.057304855155309,1,1,False,Email,16.09590984435509,True
2025-04-06 02:00:46.637944,PQC-001,Student Portal Upgrade,PQC-001-COMM-9c0890,IT Team,Workshop,Ad-hoc,94.08301446750023,7.904695318762958,7.550478362074017,2,2,True,Email,8.070404702702241,False
2025-04-06 02:00:46.637944,PQC-001,Student Portal Upgrade,PQC-001-COMM-843f6f,IT Team,Presentation,Weekly,89.13272388813482,8.819770818771698,7.448637117707053,7,0,True,Virtual,6.386602378558163,False
2025-04-06 02:00:46.637944,PQC-001,Student Portal Upgrade,PQC-001-COMM-41c672,Vendor,Presentation,Weekly,62.92337201380066,6.738940798953131,8.504936675172988,4,0,True,Email,24.281994537639065,False
2025-04-06 02:00:46.637944,PQC-001,Student Portal Upgrade,PQC-001-COMM-742b2a,IT Team,Email Update,Weekly,80.01985573992575,8.819013152549953,8.520321859580317,3,0,True,Virtual,17.94170295156119,False
2025-04-06 02:00:46.637944,PQC-002,Cloud Migration Phase 1,PQC-002-COMM-0e70f8,Business Owner,Workshop,Bi-weekly,61.21354464791232,7.371686970303681,8.394327384275961,4,2,True,In-Person,17.86160995632381,True
2025-04-06 02:00:46.637944,PQC-002,Cloud Migration Phase 1,PQC-002-COMM-384219,IT Team,Status Report,Monthly,63.88980015662043,8.268367620869432,8.750236089116093,6,0,True,Dashboard,39.92012057347007,True
2025-04-06 02:00:46.637944,PQC-002,Cloud Migration Phase 1,PQC-002-COMM-10d95d,IT Team,Email Update,Weekly,62.87082898240148,6.12228736242096,8.97951282681867,4,1,True,Email,47.467365722320125,False
2025-04-06 02:00:46.637944,PQC-002,Cloud Migration Phase 1,PQC-002-COMM-afebff,End User,Status Report,Weekly,90.31355408822421,7.013038325668208,7.935362424969754,1,2,True,Virtual,30.46351554388623,False
2025-04-06 02:00:46.637944,PQC-003,Cybersecurity Enhancement,PQC-003-COMM-18456a,Vendor,Email Update,Ad-hoc,88.81456244380105,7.946667424205041,8.559033402848128,1,2,False,Email,23.663702703535666,False
2025-04-06 02:00:46.637944,PQC-003,Cybersecurity Enhancement,PQC-003-COMM-594949,Executive Sponsor,Presentation,Weekly,86.78771773503142,6.885592193220886,8.731124766344408,3,2,True,Dashboard,6.290486551795816,False
2025-04-06 02:00:46.637944,PQC-003,Cybersecurity Enhancement,PQC-003-COMM-5bda1b,End User,Presentation,Monthly,83.67693123322115,8.079846395580091,8.206300240245895,7,1,True,Virtual,19.392635410222734,True
2025-04-06 02:00:46.637944,PQC-003,Cybersecurity Enhancement,PQC-003-COMM-ea9f4f,Vendor,Meeting,Ad-hoc,93.00716640924401,7.13336851215851,8.322281356857394,5,1,True,Virtual,8.024792177732007,False
2025-04-06 02:00:46.637944,PQC-004,LMS Modernization,PQC-004-COMM-3a6656,Business Owner,Email Update,Monthly,85.69529406645762,7.1946152608251825,7.957056739839045,1,0,True,In-Person,30.645684985470332,False
2025-04-06 02:00:46.637944,PQC-004,LMS Modernization,PQC-004-COMM-1a7416,IT Team,Presentation,Bi-weekly,74.92394248805678,7.918508209548078,7.349294371792659,2,1,True,Virtual,20.30267207562306,False
2025-04-06 02:00:46.637944,PQC-004,LMS Modernization,PQC-004-COMM-60e2d5,Vendor,Presentation,Ad-hoc,79.73718483644683,7.750974873227161,7.138788171808367,5,0,True,Virtual,38.80949199344464,False
2025-04-06 02:00:46.637944,PQC-004,LMS Modernization,PQC-004-COMM-e89a0e,IT Team,Workshop,Ad-hoc,85.43935908668831,8.746693886387458,8.988830535117748,7,0,True,In-Person,33.26312639017661,False
2025-04-06 02:00:46.637944,PQC-005,Network Infrastructure,PQC-005-COMM-d282bd,Vendor,Email Update,Ad-hoc,67.62619828693605,8.316421047898993,8.267423199531057,5,2,True,Virtual,33.49280493618845,False
2025-04-06 02:00:46.637944,PQC-005,Network Infrastructure,PQC-005-COMM-9a8b28,Vendor,Presentation,Weekly,89.10314165892783,9.214391397285453,8.2995760935286,4,2,True,Dashboard,15.25957254969895,True
2025-04-06 02:00:46.637944,PQC-005,Network Infrastructure,PQC-005-COMM-3ef6b9,End User,Status Report,Weekly,84.92479660582117,7.24808661595172,7.50896266323652,5,1,True,Dashboard,43.14260187783133,False
2025-04-06 02:00:46.637944,PQC-006,AI Tutoring System,PQC-006-COMM-fe3198,Executive Sponsor,Workshop,Bi-weekly,88.42903423466197,7.344149234368851,8.332535722958077,4,2,True,Email,24.08217935626394,True
2025-04-13 02:00:46.637944,PQC-001,Student Portal Upgrade,PQC-001-COMM-f3a384,End User,Email Update,Weekly,63.067744266812866,6.230341162417018,8.782636412720597,2,0,True,In-Person,16.06422204257539,False
2025-04-13 02:00:46.637944,PQC-001,Student Portal Upgrade,PQC-001-COMM-2faafe,Vendor,Presentation,Bi-weekly,80.73054798717335,8.431288204835614,7.729341352468673,3,2,True,Dashboard,33.89741789059021,False
2025-04-13 02:00:46.637944,PQC-001,Student Portal Upgrade,PQC-001-COMM-6ad11c,Executive Sponsor,Presentation,Monthly,77.4985647187676,8.555872163353499,8.238345470731673,4,0,True,Virtual,16.14637059256099,False
2025-04-13 02:00:46.637944,PQC-001,Student Portal Upgrade,PQC-001-COMM-742213,Vendor,Email Update,Monthly,67.91116188760282,7.928678336532263,8.04712715905971,2,1,True,In-Person,26.90322336174216,True
2025-04-13 02:00:46.637944,PQC-002,Cloud Migration Phase 1,PQC-002-COMM-5e7a48,End User,Presentation,Monthly,79.05207106720124,6.818092772128605,8.275548283691183,2,2,True,Email,14.50217973968594,True
2025-04-13 02:00:46.637944,PQC-002,Cloud Migration Phase 1,PQC-002-COMM-e40660,IT Team,Status Report,Bi-weekly,65.38718284240167,9.419610867908116,8.089544453965578,3,1,False,Email,31.484414292542855,False
2025-04-13 02:00:46.637944,PQC-002,Cloud Migration Phase 1,PQC-002-COMM-ef89d4,Executive Sponsor,Presentation,Bi-weekly,86.96565273758964,7.180559927636202,8.883153705467867,4,1,False,Dashboard,4.616544297771742,False
2025-04-13 02:00:46.637944,PQC-003,Cybersecurity Enhancement,PQC-003-COMM-8ef7f5,Executive Sponsor,Presentation,Bi-weekly,81.98418359352502,9.25724866723186,8.352210051628704,1,2,True,In-Person,13.54043859497221,True
2025-04-13 02:00:46.637944,PQC-003,Cybersecurity Enhancement,PQC-003-COMM-792d7c,IT Team,Email Update,Monthly,72.09687477517406,8.855192916222876,7.933456187535901,0,1,True,Virtual,24.96793551665896,True
2025-04-13 02:00:46.637944,PQC-004,LMS Modernization,PQC-004-COMM-1d728c,IT Team,Workshop,Weekly,64.03011624383204,9.091457604991783,7.829651311042704,1,2,True,Dashboard,23.042380570014856,True
2025-04-13 02:00:46.637944,PQC-004,LMS Modernization,PQC-004-COMM-314b06,Executive Sponsor,Meeting,Monthly,82.70678851557851,9.340980751005837,7.302864628739926,1,0,True,In-Person,7.115602377558061,False
2025-04-13 02:00:46.637944,PQC-005,Network Infrastructure,PQC-005-COMM-543154,Executive Sponsor,Presentation,Weekly,83.64674583593852,6.133302052097617,8.239937129748329,5,1,True,Email,29.380567705092474,False
2025-04-13 02:00:46.637944,PQC-006,AI Tutoring System,PQC-006-COMM-03b506,Vendor,Email Update,Ad-hoc,78.90976126155974,6.277480996209171,8.131701120626493,5,0,True,Dashboard,42.42338549047407,False
2025-04-13 02:00:46.637944,PQC-006,AI Tutoring System,PQC-006-COMM-a7f635,End User,Email Update,Monthly,80.84879384565353,6.282153918093606,8.879137178050332,1,2,True,Virtual,5.688590813357211,False
2025-04-13 02:00:46.637944,PQC-006,AI Tutoring System,PQC-006-COMM-95b101,IT Team,Presentation,Bi-weekly,72.59279327408548,7.074402987731563,7.390394329143765,4,0,True,Virtual,46.66325148181245,True
2025-04-20 02:00:46.637944,PQC-001,Student Portal Upgrade,PQC-001-COMM-8defe8,IT Team,Email Update,Weekly,74.79296118261354,9.484732417581828,7.020987282279889,1,0,True,Dashboard,45.72450976390281,True
2025-04-20 02:00:46.637944,PQC-001,Student Portal Upgrade,PQC-001-COMM-6a52cb,Executive Sponsor,Workshop,Ad-hoc,88.50353727440665,6.981171633929944,7.264359315507743,6,1,True,In-Person,7.357110802158775,True
2025-04-20 02:00:46.637944,PQC-002,Cloud Migration Phase 1,PQC-002-COMM-e5c276,End User,Meeting,Ad-hoc,86.324504484025,9.169385932751155,8.670745060568493,6,1,True,Email,29.048021317762906,True
2025-04-20 02:00:46.637944,PQC-002,Cloud Migration Phase 1,PQC-002-COMM-8e98de,Vendor,Meeting,Ad-hoc,92.73823564574911,7.631407024304711,7.890773051955744,4,2,True,Email,26.891235944426857,False
2025-04-20 02:00:46.637944,PQC-002,Cloud Migration Phase 1,PQC-002-COMM-90fa97,IT Team,Email Update,Monthly,76.74174185846945,6.07357387354176,8.6392191061316,4,2,False,In-Person,26.07646306241238,True
2025-04-20 02:00:46.637944,PQC-003,Cybersecurity Enhancement,PQC-003-COMM-fb2e35,Business Owner,Workshop,Monthly,65.71783654394471,6.6456066787095915,7.404587898316407,6,2,True,Email,41.32106582476602,False
2025-04-20 02:00:46.637944,PQC-003,Cybersecurity Enhancement,PQC-003-COMM-7eac92,End User,Meeting,Ad-hoc,76.60522127672573,6.025669527926631,7.0516187857263635,7,2,True,Email,42.38954159084502,False
2025-04-20 02:00:46.637944,PQC-003,Cybersecurity Enhancement,PQC-003-COMM-7172c2,Vendor,Workshop,Weekly,92.11400533788107,8.722339355604579,8.644678222913695,5,0,True,In-Person,17.19800778861836,False
2025-04-20 02:00:46.637944,PQC-004,LMS Modernization,PQC-004-COMM-889e08,Executive Sponsor,Status Report,Bi-weekly,65.946047562667,6.444305448142404,7.246567558597894,7,1,True,In-Person,4.718867760280109,False
2025-04-20 02:00:46.637944,PQC-004,LMS Modernization,PQC-004-COMM-cf5fab,Vendor,Email Update,Weekly,64.98947942615905,7.337488161913992,8.10946360656471,1,2,True,In-Person,4.549130868343244,True
2025-04-20 02:00:46.637944,PQC-004,LMS Modernization,PQC-004-COMM-fd51c9,Executive Sponsor,Presentation,Ad-hoc,71.73800621761119,6.619787893890514,7.196848378202738,2,1,True,Dashboard,46.30531524499306,True
2025-04-20 02:00:46.637944,PQC-004,LMS Modernization,PQC-004-COMM-7572aa,Vendor,Workshop,Weekly,63.393798483789865,6.6266107310455435,8.595028090592972,1,1,True,Virtual,17.271377685904326,False
2025-04-20 02:00:46.637944,PQC-005,Network Infrastructure,PQC-005-COMM-d7e50f,Business Owner,Status Report,Monthly,87.38490342744757,9.4738011705669,7.481341029514306,5,1,False,Dashboard,24.534041929016247,False
2025-04-20 02:00:46.637944,PQC-006,AI Tutoring System,PQC-006-COMM-a5db27,End User,Meeting,Ad-hoc,85.58046210216561,7.47003851503482,8.15671952623308,2,2,True,Virtual,4.742396965854315,False
2025-04-20 02:00:46.637944,PQC-006,AI Tutoring System,PQC-006-COMM-3c0c71,Business Owner,Email Update,Ad-hoc,79.2005945269141,7.409588196613908,8.039223351606015,5,1,True,Dashboard,37.37032205027374,False
2025-04-20 02:00:46.637944,PQC-006,AI Tutoring System,PQC-006-COMM-e3167d,IT Team,Workshop,Bi-weekly,91.74646861452577,9.470364715395853,7.4166307800170355,6,2,True,Email,34.233373979076134,False
2025-04-27 02:00:46.637944,PQC-001,Student Portal Upgrade,PQC-001-COMM-27125f,End User,Meeting,Monthly,68.53306781985629,8.295661595844399,7.397628121874806,2,0,True,Dashboard,36.14448404360519,True
2025-04-27 02:00:46.637944,PQC-002,Cloud Migration Phase 1,PQC-002-COMM-2b18a9,Business Owner,Presentation,Monthly,69.14068513788011,8.432335917700668,8.134781888312148,6,0,False,Dashboard,8.00320974332223,False
2025-04-27 02:00:46.637944,PQC-002,Cloud Migration Phase 1,PQC-002-COMM-4a1b29,IT Team,Workshop,Bi-weekly,74.66848155209799,8.09754750452236,8.02741571043061,0,1,True,Virtual,43.76869411124881,True
2025-04-27 02:00:46.637944,PQC-003,Cybersecurity Enhancement,PQC-003-COMM-aef329,Vendor,Email Update,Bi-weekly,63.66365896874367,6.450087700861934,8.147701195950054,0,2,True,In-Person,18.63576636268805,True
2025-04-27 02:00:46.637944,PQC-003,Cybersecurity Enhancement,PQC-003-COMM-fe1a80,End User,Status Report,Ad-hoc,69.64377984992979,7.730823937921428,7.243390613453345,1,0,True,In-Person,39.26741013814632,False
2025-04-27 02:00:46.637944,PQC-004,LMS Modernization,PQC-004-COMM-0dde1f,End User,Status Report,Weekly,71.45973355567068,6.576171796327767,7.36234370170004,7,2,True,In-Person,27.53615419064667,False
2025-04-27 02:00:46.637944,PQC-004,LMS Modernization,PQC-004-COMM-fc3bdb,Business Owner,Status Report,Ad-hoc,66.20642936283788,8.53075072617384,8.545341976256333,0,1,True,Dashboard,18.57727264870585,False
2025-04-27 02:00:46.637944,PQC-004,LMS Modernization,PQC-004-COMM-86f3c4,IT Team,Status Report,Weekly,87.95295231248228,9.264635286711096,7.040275697898579,2,0,False,Email,32.47812421598411,False
2025-04-27 02:00:46.637944,PQC-004,LMS Modernization,PQC-004-COMM-e53c53,Business Owner,Workshop,Weekly,60.66308911810241,8.575712837431961,7.416799147236663,0,2,True,Virtual,4.62738951504039,True
2025-04-27 02:00:46.637944,PQC-005,Network Infrastructure,PQC-005-COMM-7723bf,End User,Workshop,Weekly,60.86162943444335,6.7330951932832885,7.832525561375815,4,1,False,In-Person,36.96025506825653,True
2025-04-27 02:00:46.637944,PQC-005,Network Infrastructure,PQC-005-COMM-2ee2a1,IT Team,Workshop,Monthly,73.50788288279246,7.308814970676736,8.772576432911436,6,0,True,Dashboard,20.103545460890516,True
2025-04-27 02:00:46.637944,PQC-005,Network Infrastructure,PQC-005-COMM-d2acbc,Business Owner,Status Report,Weekly,74.98643789535105,8.212067229478528,8.452222518689274,2,1,True,Email,31.68005448885454,False
2025-04-27 02:00:46.637944,PQC-006,AI Tutoring System,PQC-006-COMM-b3e958,End User,Presentation,Monthly,78.31925147736152,9.225296871675962,8.624155222017357,0,2,False,Email,37.19891635270203,True
2025-04-27 02:00:46.637944,PQC-006,AI Tutoring System,PQC-006-COMM-dc72d6,End User,Presentation,Monthly,60.89494296814071,8.757895467568261,8.80649621019026,5,2,True,Dashboard,29.598521480009037,False
2025-04-27 02:00:46.637944,PQC-006,AI Tutoring System,PQC-006-COMM-5c2859,Executive Sponsor,Workshop,Weekly,90.49603365363987,8.74779280033915,7.547396915356742,5,1,False,In-Person,17.095363328265957,True
2025-05-04 02:00:46.637944,PQC-001,Student Portal Upgrade,PQC-001-COMM-6831c8,End User,Meeting,Monthly,64.19835296058395,7.0922241562820725,8.604792061107265,5,0,True,Virtual,5.875747361226679,False
2025-05-04 02:00:46.637944,PQC-001,Student Portal Upgrade,PQC-001-COMM-18e682,End User,Email Update,Ad-hoc,70.1304313238873,8.741254091298376,8.606489809329613,4,0,True,Dashboard,33.175269095260745,True
2025-05-04 02:00:46.637944,PQC-002,Cloud Migration Phase 1,PQC-002-COMM-91118c,End User,Workshop,Ad-hoc,90.08878547781165,9.358152640343942,7.435425025956303,6,2,True,Email,33.125653201712986,False
2025-05-04 02:00:46.637944,PQC-002,Cloud Migration Phase 1,PQC-002-COMM-783cef,IT Team,Workshop,Weekly,70.77559438460285,7.670200277962865,8.586126056741312,7,2,False,Virtual,20.502291802967168,False
2025-05-04 02:00:46.637944,PQC-002,Cloud Migration Phase 1,PQC-002-COMM-56e946,Vendor,Workshop,Monthly,64.96979907732296,7.064846523395185,7.278493689188219,1,1,True,Virtual,4.171048278079434,False
2025-05-04 02:00:46.637944,PQC-003,Cybersecurity Enhancement,PQC-003-COMM-bf3d15,Business Owner,Presentation,Monthly,69.4695739770797,6.870771260587119,8.884116438977191,0,1,False,Dashboard,28.800917717856816,False
2025-05-04 02:00:46.637944,PQC-003,Cybersecurity Enhancement,PQC-003-COMM-1dc6b0,IT Team,Status Report,Weekly,94.15225864921264,7.291976678332215,7.7143846679860895,0,0,True,Virtual,23.279303166837042,True
2025-05-04 02:00:46.637944,PQC-003,Cybersecurity Enhancement,PQC-003-COMM-5ca8d8,Vendor,Status Report,Bi-weekly,62.209546822278824,7.388642697594353,7.94801253189689,4,1,False,Virtual,21.096700083666303,False
2025-05-04 02:00:46.637944,PQC-004,LMS Modernization,PQC-004-COMM-df2273,End User,Workshop,Ad-hoc,89.86348642189911,8.357413023459868,7.2747234919373485,7,1,True,Dashboard,25.592238146042316,True
2025-05-04 02:00:46.637944,PQC-005,Network Infrastructure,PQC-005-COMM-ef9e63,Executive Sponsor,Status Report,Weekly,69.08611492979675,6.0057531498935735,7.752829925041388,4,0,True,In-Person,6.848643153983679,False
2025-05-04 02:00:46.637944,PQC-005,Network Infrastructure,PQC-005-COMM-8a7f8e,Business Owner,Workshop,Bi-weekly,85.65007155661408,9.066673673943447,8.445569201243043,6,0,False,Dashboard,25.5700697536769,True
2025-05-04 02:00:46.637944,PQC-006,AI Tutoring System,PQC-006-COMM-cd198a,End User,Status Report,Ad-hoc,68.20748171859329,8.622826558534546,8.835681766187106,5,1,True,Virtual,14.6273069813256,False
2025-05-04 02:00:46.637944,PQC-006,AI Tutoring System,PQC-006-COMM-387815,Business Owner,Workshop,Weekly,75.54641924074284,8.364553707486035,8.01778814013976,6,1,False,Email,3.4592346235374327,False
2025-05-04 02:00:46.637944,PQC-006,AI Tutoring System,PQC-006-COMM-15ae06,IT Team,Email Update,Monthly,76.91312265564022,9.454135808859041,8.509138722411473,5,1,True,Virtual,20.337554733800943,False
2025-05-11 02:00:46.637944,PQC-001,Student Portal Upgrade,PQC-001-COMM-75e6f7,Vendor,Meeting,Bi-weekly,90.05665004435464,7.140584699155267,8.908084530156172,7,2,True,Dashboard,40.06608992187559,True
2025-05-11 02:00:46.637944,PQC-002,Cloud Migration Phase 1,PQC-002-COMM-130b36,Executive Sponsor,Status Report,Ad-hoc,78.8154618992398,6.647221041135005,7.85631034606024,0,2,True,Virtual,19.335876495970673,False
2025-05-11 02:00:46.637944,PQC-003,Cybersecurity Enhancement,PQC-003-COMM-1c74e2,Vendor,Email Update,Weekly,78.7964460159691,8.939992162115201,7.678645671311422,1,2,False,Virtual,16.738459162449885,True
2025-05-11 02:00:46.637944,PQC-003,Cybersecurity Enhancement,PQC-003-COMM-2851dc,End User,Email Update,Weekly,62.46874731575348,9.183003262900568,7.380257532637412,3,0,True,In-Person,9.906319558252516,False
2025-05-11 02:00:46.637944,PQC-003,Cybersecurity Enhancement,PQC-003-COMM-6e2279,Vendor,Workshop,Ad-hoc,65.90835020245974,8.988800087496486,7.026457625810588,7,0,False,Dashboard,43.8232982654984,False
2025-05-11 02:00:46.637944,PQC-003,Cybersecurity Enhancement,PQC-003-COMM-68ecd4,IT Team,Workshop,Monthly,77.62979354794248,9.074455520657366,8.905033579369197,5,1,True,Dashboard,33.79734653415551,True
2025-05-11 02:00:46.637944,PQC-004,LMS Modernization,PQC-004-COMM-31534d,Executive Sponsor,Workshop,Ad-hoc,87.8754196533217,8.588142316335546,8.291068712821044,5,2,True,Virtual,38.4839127463006,True
2025-05-11 02:00:46.637944,PQC-005,Network Infrastructure,PQC-005-COMM-b04373,Business Owner,Workshop,Monthly,69.13215028775588,9.393655786165183,8.469417140530052,3,0,False,Email,45.59786610658457,True
2025-05-11 02:00:46.637944,PQC-006,AI Tutoring System,PQC-006-COMM-5203d5,Business Owner,Status Report,Ad-hoc,94.34401520869469,7.335657746881973,8.550469077798112,1,2,True,Email,31.13010727403288,False
2025-05-11 02:00:46.637944,PQC-006,AI Tutoring System,PQC-006-COMM-21eb4d,Executive Sponsor,Email Update,Bi-weekly,81.89017075583077,8.828938739256973,7.13807387382275,0,0,True,Dashboard,44.610180738375014,False
2025-05-11 02:00:46.637944,PQC-006,AI Tutoring System,PQC-006-COMM-93fe8e,Business Owner,Meeting,Bi-weekly,88.50343722341785,7.337432230609906,7.264537430196963,1,2,True,Virtual,27.962187495593522,False
2025-05-18 02:00:46.637944,PQC-001,Student Portal Upgrade,PQC-001-COMM-555ab4,Executive Sponsor,Email Update,Ad-hoc,67.1430681404516,7.641642616313539,8.601877443082861,1,2,True,Email,21.002940295448635,True
2025-05-18 02:00:46.637944,PQC-001,Student Portal Upgrade,PQC-001-COMM-b960a1,IT Team,Meeting,Weekly,89.87790921293892,8.538504795240943,7.720788080108223,4,1,True,Dashboard,8.769509550367484,True
2025-05-18 02:00:46.637944,PQC-001,Student Portal Upgrade,PQC-001-COMM-1d16b9,Executive Sponsor,Workshop,Weekly,60.21164651143924,7.69351076602509,7.246494916265103,0,0,True,Virtual,46.4282867070433,True
2025-05-18 02:00:46.637944,PQC-001,Student Portal Upgrade,PQC-001-COMM-a2b814,End User,Workshop,Weekly,75.53199686822857,6.988287716649297,7.161907472231376,0,1,False,Dashboard,44.158500951313655,True
2025-05-18 02:00:46.637944,PQC-002,Cloud Migration Phase 1,PQC-002-COMM-b04e2c,Executive Sponsor,Workshop,Monthly,60.13430009277303,7.757028692087138,8.16625564690574,6,2,True,In-Person,13.824883840703603,False
2025-05-18 02:00:46.637944,PQC-003,Cybersecurity Enhancement,PQC-003-COMM-67d904,End User,Meeting,Ad-hoc,77.05845545852151,8.419956201296031,7.523502200268965,0,1,False,Email,18.17589412772765,False
2025-05-18 02:00:46.637944,PQC-004,LMS Modernization,PQC-004-COMM-862213,IT Team,Status Report,Ad-hoc,88.41323514228102,7.196471646710403,7.86738866264076,6,1,True,Dashboard,38.39907745484744,False
2025-05-18 02:00:46.637944,PQC-005,Network Infrastructure,PQC-005-COMM-83d032,IT Team,Workshop,Bi-weekly,73.82686682498786,6.179422107115993,7.803752542473479,7,1,True,Email,18.42119175555854,False
2025-05-18 02:00:46.637944,PQC-005,Network Infrastructure,PQC-005-COMM-f86501,Executive Sponsor,Email Update,Bi-weekly,67.14225359913102,7.0216891072423255,8.497217417163665,4,2,True,Dashboard,34.89575091157685,False
2025-05-18 02:00:46.637944,PQC-006,AI Tutoring System,PQC-006-COMM-d0e488,IT Team,Status Report,Ad-hoc,93.67357364577596,7.87472075205651,8.236581597509575,5,1,True,In-Person,11.475081650340236,True
2025-05-18 02:00:46.637944,PQC-006,AI Tutoring System,PQC-006-COMM-ee2d8f,Business Owner,Meeting,Weekly,72.52864180864677,7.167813117217924,7.775390309678014,7,1,True,Email,45.18087322720561,False
2025-05-25 02:00:46.637944,PQC-001,Student Portal Upgrade,PQC-001-COMM-f7375e,Business Owner,Presentation,Bi-weekly,80.07471480093486,7.195743894417106,8.296929113800473,5,0,False,Virtual,6.97513067037441,False
2025-05-25 02:00:46.637944,PQC-001,Student Portal Upgrade,PQC-001-COMM-6b0d52,Vendor,Email Update,Ad-hoc,76.57024807812576,8.99091587620763,7.680008772119784,2,0,True,Dashboard,18.3802819176554,False
2025-05-25 02:00:46.637944,PQC-001,Student Portal Upgrade,PQC-001-COMM-9623cf,End User,Meeting,Weekly,84.73114451479762,7.873717188215799,8.270646693416642,4,1,True,In-Person,36.40873952817251,False
2025-05-25 02:00:46.637944,PQC-001,Student Portal Upgrade,PQC-001-COMM-1055a8,Business Owner,Workshop,Monthly,70.71937604516151,6.927784495185004,8.39238490060218,5,2,True,In-Person,39.79551220983194,True
2025-05-25 02:00:46.637944,PQC-002,Cloud Migration Phase 1,PQC-002-COMM-a5a0ce,End User,Status Report,Ad-hoc,62.005860850367036,6.611064479365153,8.414852550323864,4,1,False,Virtual,35.47103233418568,False
2025-05-25 02:00:46.637944,PQC-002,Cloud Migration Phase 1,PQC-002-COMM-0c63e4,Executive Sponsor,Meeting,Bi-weekly,66.43246327877654,7.149349248658119,7.974424013843828,0,2,True,Virtual,26.31820378350668,True
2025-05-25 02:00:46.637944,PQC-002,Cloud Migration Phase 1,PQC-002-COMM-faa1cb,Vendor,Presentation,Bi-weekly,88.46016793087946,6.901176416503037,8.548838989212607,1,0,True,Virtual,36.49786936291076,False
2025-05-25 02:00:46.637944,PQC-003,Cybersecurity Enhancement,PQC-003-COMM-0e55b1,Business Owner,Presentation,Ad-hoc,73.5741994349883,7.007578873243883,8.44939250852365,5,1,False,Virtual,17.470876136435344,False
2025-05-25 02:00:46.637944,PQC-003,Cybersecurity Enhancement,PQC-003-COMM-8ce3ba,Business Owner,Status Report,Monthly,85.92322533733191,7.697562956334144,7.170806060325443,7,0,True,In-Person,14.942128605276714,False
2025-05-25 02:00:46.637944,PQC-003,Cybersecurity Enhancement,PQC-003-COMM-901910,Executive Sponsor,Email Update,Bi-weekly,62.621354470069434,6.3715612374161354,8.67494503923755,7,1,True,Virtual,40.08691732110357,True
2025-05-25 02:00:46.637944,PQC-003,Cybersecurity Enhancement,PQC-003-COMM-cbbdef,Business Owner,Meeting,Weekly,64.17236549942007,6.127613677889665,7.105487904324435,5,2,True,Dashboard,27.185822666759744,False
2025-05-25 02:00:46.637944,PQC-004,LMS Modernization,PQC-004-COMM-b06e32,Business Owner,Status Report,Weekly,61.39728863973129,7.571774799472065,8.155226161274268,5,1,True,Dashboard,30.392100817745074,False
2025-05-25 02:00:46.637944,PQC-004,LMS Modernization,PQC-004-COMM-54f96f,Vendor,Meeting,Monthly,86.83085806492181,9.381960042118651,8.940148913333413,3,0,True,Dashboard,25.791633673902354,False
2025-05-25 02:00:46.637944,PQC-005,Network Infrastructure,PQC-005-COMM-3dbda1,Vendor,Email Update,Bi-weekly,86.52217961313053,6.986714244590381,7.636079223389039,7,1,True,Dashboard,9.9079776554468,False
2025-05-25 02:00:46.637944,PQC-005,Network Infrastructure,PQC-005-COMM-ab8c31,Business Owner,Workshop,Monthly,72.01464211725569,8.982169455316425,8.118436263536916,1,2,True,Email,36.19801800198494,False
2025-05-25 02:00:46.637944,PQC-006,AI Tutoring System,PQC-006-COMM-927617,IT Team,Meeting,Monthly,83.90900000030663,9.263983480470863,8.151330505994839,7,2,True,Dashboard,38.893760433011956,True
2025-06-01 02:00:46.637944,PQC-001,Student Portal Upgrade,PQC-001-COMM-26269e,Vendor,Email Update,Bi-weekly,85.17320466654513,6.9504265931211995,7.63243024512666,6,1,True,Email,36.9784030952242,False
2025-06-01 02:00:46.637944,PQC-002,Cloud Migration Phase 1,PQC-002-COMM-e511aa,IT Team,Workshop,Bi-weekly,76.59552810576778,6.790263432527202,8.23324395633055,4,2,True,Dashboard,13.616397923276446,False
2025-06-01 02:00:46.637944,PQC-002,Cloud Migration Phase 1,PQC-002-COMM-13bcbc,Vendor,Email Update,Ad-hoc,71.96530190793528,9.450312808076067,8.677217775067925,6,0,True,Dashboard,22.507975292042744,False
2025-06-01 02:00:46.637944,PQC-002,Cloud Migration Phase 1,PQC-002-COMM-44ddb8,Executive Sponsor,Presentation,Weekly,78.8427085735358,9.196303901977448,7.775945508795773,7,2,True,Virtual,10.598845754306558,False
2025-06-01 02:00:46.637944,PQC-003,Cybersecurity Enhancement,PQC-003-COMM-f4b2fd,Business Owner,Email Update,Bi-weekly,75.00254977229861,8.199757595826714,7.430311243248111,0,0,False,Virtual,3.492749532371083,True
2025-06-01 02:00:46.637944,PQC-004,LMS Modernization,PQC-004-COMM-c0c953,Vendor,Workshop,Monthly,68.47900051546686,6.712207980943594,8.909107684835,6,1,True,Dashboard,46.92441131649042,True
2025-06-01 02:00:46.637944,PQC-004,LMS Modernization,PQC-004-COMM-8bd8ce,IT Team,Workshop,Monthly,82.41332613254843,8.97676479915009,8.481738536770436,5,2,True,Virtual,36.7848427689119,True
2025-06-01 02:00:46.637944,PQC-004,LMS Modernization,PQC-004-COMM-1329aa,Executive Sponsor,Workshop,Bi-weekly,85.98294779814236,6.799159383290138,7.116915974473754,4,1,True,Email,32.5321659767678,True
2025-06-01 02:00:46.637944,PQC-005,Network Infrastructure,PQC-005-COMM-216693,End User,Email Update,Bi-weekly,90.95201997899507,6.531100195335684,8.195616026803028,5,2,True,In-Person,14.98643637369313,False
2025-06-01 02:00:46.637944,PQC-005,Network Infrastructure,PQC-005-COMM-d26c94,Business Owner,Status Report,Ad-hoc,64.58705207815017,8.790880252677225,8.015897383812817,6,2,True,Email,43.85678727534705,False
2025-06-01 02:00:46.637944,PQC-005,Network Infrastructure,PQC-005-COMM-106840,Executive Sponsor,Workshop,Monthly,75.52471709244759,9.286069412997955,7.589891648084684,5,2,True,Virtual,41.727488411189185,False
2025-06-01 02:00:46.637944,PQC-006,AI Tutoring System,PQC-006-COMM-11e934,Executive Sponsor,Presentation,Monthly,61.06455582827888,8.5440691714892,8.748027342617432,1,2,True,Dashboard,4.512073947819577,False
2025-06-01 02:00:46.637944,PQC-006,AI Tutoring System,PQC-006-COMM-dc90be,Vendor,Workshop,Monthly,77.59625670633643,8.938086319733427,8.30166644312297,4,1,True,Dashboard,15.701532325949717,False
2025-06-01 02:00:46.637944,PQC-006,AI Tutoring System,PQC-006-COMM-5a7fa2,Vendor,Presentation,Monthly,60.334017357352934,6.263555017594644,7.7517049303639585,1,0,True,Dashboard,24.320600965206385,True
2025-06-01 02:00:46.637944,PQC-006,AI Tutoring System,PQC-006-COMM-190bb4,Vendor,Meeting,Bi-weekly,68.91620475678516,7.231596920214523,8.411230609568586,4,0,False,Email,31.251895222647963,False
2025-06-08 02:00:46.637944,PQC-001,Student Portal Upgrade,PQC-001-COMM-766eb9,Executive Sponsor,Status Report,Weekly,60.68068176288284,6.6607790972070555,7.828816795436991,7,1,True,Email,38.041069119043804,True
2025-06-08 02:00:46.637944,PQC-002,Cloud Migration Phase 1,PQC-002-COMM-e2c6b0,Executive Sponsor,Workshop,Monthly,78.74398655842293,7.669441874161788,7.778417237246877,5,0,False,Virtual,24.420689942637146,False
2025-06-08 02:00:46.637944,PQC-002,Cloud Migration Phase 1,PQC-002-COMM-7c9370,IT Team,Presentation,Bi-weekly,69.7543010574984,9.356051556166435,7.285628608945735,1,2,True,In-Person,39.88769735864218,False
2025-06-08 02:00:46.637944,PQC-003,Cybersecurity Enhancement,PQC-003-COMM-40ee18,End User,Meeting,Weekly,73.72934645332415,7.566431492871216,8.460003442161723,4,1,True,Dashboard,16.557028020223143,True
2025-06-08 02:00:46.637944,PQC-004,LMS Modernization,PQC-004-COMM-8521c6,End User,Workshop,Weekly,72.15172586467742,8.779638208610143,8.250432250062877,2,2,True,Virtual,9.426593557514368,False
2025-06-08 02:00:46.637944,PQC-005,Network Infrastructure,PQC-005-COMM-13c278,Executive Sponsor,Status Report,Monthly,69.01711995672352,7.574802859941009,8.385817822049535,0,0,False,In-Person,45.96878477005753,True
2025-06-08 02:00:46.637944,PQC-005,Network Infrastructure,PQC-005-COMM-c270e4,IT Team,Workshop,Ad-hoc,94.21097971143449,8.986610153333052,7.996666056588475,7,0,True,Email,6.772791802649394,True
2025-06-08 02:00:46.637944,PQC-005,Network Infrastructure,PQC-005-COMM-7e181d,Business Owner,Status Report,Monthly,81.39695796867042,7.298407994072591,8.544304055231676,2,2,True,Email,3.3314385701948845,True
2025-06-08 02:00:46.637944,PQC-005,Network Infrastructure,PQC-005-COMM-53a267,IT Team,Presentation,Weekly,77.98532839996452,8.788257041552983,7.675963100939672,3,0,True,In-Person,25.207134506522443,True
2025-06-08 02:00:46.637944,PQC-006,AI Tutoring System,PQC-006-COMM-536d36,IT Team,Meeting,Ad-hoc,93.84389801164104,7.999197143870198,8.72686315557877,6,0,True,Dashboard,22.70505349951136,False
2025-06-08 02:00:46.637944,PQC-006,AI Tutoring System,PQC-006-COMM-08bd82,Business Owner,Presentation,Bi-weekly,64.5994333999344,6.918697527652069,8.162430954978767,0,1,True,Email,46.07435351100682,True
2025-06-08 02:00:46.637944,PQC-006,AI Tutoring System,PQC-006-COMM-a21835,IT Team,Presentation,Monthly,93.83177773136376,7.5520368599261545,7.641994091281796,2,1,True,Email,7.498419999165579,True
2025-06-15 02:00:46.637944,PQC-001,Student Portal Upgrade,PQC-001-COMM-451f97,IT Team,Status Report,Weekly,86.15541451459498,6.167698537696668,8.89704065502783,3,1,True,Dashboard,46.84559654927081,False
2025-06-15 02:00:46.637944,PQC-001,Student Portal Upgrade,PQC-001-COMM-d6d3b4,Business Owner,Presentation,Bi-weekly,87.52160793882642,7.417878191057499,7.005416299640904,2,2,True,Email,2.3572655390825608,False
2025-06-15 02:00:46.637944,PQC-001,Student Portal Upgrade,PQC-001-COMM-af7743,Vendor,Meeting,Monthly,67.38394617169827,8.945677026399709,7.060707611066008,1,0,True,Email,45.139986799313085,False
2025-06-15 02:00:46.637944,PQC-002,Cloud Migration Phase 1,PQC-002-COMM-a26cac,End User,Workshop,Ad-hoc,76.92424477766292,6.770315231165453,7.507969506752507,1,1,True,In-Person,14.472543655507051,False
2025-06-15 02:00:46.637944,PQC-002,Cloud Migration Phase 1,PQC-002-COMM-ab2f70,Business Owner,Status Report,Monthly,77.81973945225597,6.487618188323163,8.732454061157354,7,2,True,Dashboard,13.116310357682517,True
2025-06-15 02:00:46.637944,PQC-002,Cloud Migration Phase 1,PQC-002-COMM-ef7bb5,End User,Presentation,Weekly,87.22047685237276,9.004130286076002,8.689728170821017,2,1,True,Dashboard,12.690586125863003,False
2025-06-15 02:00:46.637944,PQC-003,Cybersecurity Enhancement,PQC-003-COMM-069c1f,Executive Sponsor,Workshop,Ad-hoc,67.90438712781872,6.616086642643968,8.732465740535341,5,2,True,Email,15.520170983226953,False
2025-06-15 02:00:46.637944,PQC-003,Cybersecurity Enhancement,PQC-003-COMM-ba7d33,Vendor,Presentation,Monthly,94.557896530927,6.788063584755761,8.324635827079165,3,0,False,In-Person,20.252308969070874,False
2025-06-15 02:00:46.637944,PQC-004,LMS Modernization,PQC-004-COMM-5e8da4,Vendor,Email Update,Monthly,69.12480709464982,7.813979022410489,8.444432197347293,4,1,True,Virtual,22.452872264039616,True
2025-06-15 02:00:46.637944,PQC-004,LMS Modernization,PQC-004-COMM-f36ee8,Vendor,Workshop,Bi-weekly,92.53773626954649,6.436146849874146,8.304951911014465,1,1,True,Dashboard,8.131075871779965,False
2025-06-15 02:00:46.637944,PQC-004,LMS Modernization,PQC-004-COMM-1a1ea8,End User,Workshop,Monthly,63.71748396559597,8.715570390643926,8.615914656218038,5,0,True,In-Person,40.378940604472334,False
2025-06-15 02:00:46.637944,PQC-004,LMS Modernization,PQC-004-COMM-563361,IT Team,Status Report,Bi-weekly,88.23707493770686,6.881323681178085,8.6474927759016,5,0,False,Email,15.46213449270076,False
2025-06-15 02:00:46.637944,PQC-005,Network Infrastructure,PQC-005-COMM-8dd0ac,End User,Presentation,Bi-weekly,67.71145877031539,6.361258271076498,8.170070337437323,1,1,True,In-Person,14.288627214049868,False
2025-06-15 02:00:46.637944,PQC-005,Network Infrastructure,PQC-005-COMM-3eeeb8,IT Team,Workshop,Monthly,88.98650542632086,8.191191481432805,7.150557433303347,1,0,True,Dashboard,22.46261052966436,False
2025-06-15 02:00:46.637944,PQC-006,AI Tutoring System,PQC-006-COMM-c010f5,Vendor,Presentation,Bi-weekly,93.93218147921624,7.588741477476286,8.013999240286696,2,0,False,Virtual,31.398960961756494,True
2025-06-15 02:00:46.637944,PQC-006,AI Tutoring System,PQC-006-COMM-03a3e9,IT Team,Email Update,Ad-hoc,69.76956647709943,9.257352894468394,7.049288809272645,1,2,False,In-Person,20.763213119091155,True
2025-06-15 02:00:46.637944,PQC-006,AI Tutoring System,PQC-006-COMM-32fddc,Business Owner,Email Update,Ad-hoc,88.76437629635159,8.262084767800834,8.294684268746183,2,2,True,Email,37.322312727150724,False
2025-06-22 02:00:46.637944,PQC-001,Student Portal Upgrade,PQC-001-COMM-93b1eb,End User,Email Update,Bi-weekly,88.92366090601944,8.455246855128081,7.918687311187913,4,0,True,Dashboard,38.076479768108975,False
2025-06-22 02:00:46.637944,PQC-001,Student Portal Upgrade,PQC-001-COMM-076507,Business Owner,Presentation,Ad-hoc,78.38613925577525,6.23119357737756,8.945136471299474,0,2,True,Virtual,39.576953317191744,False
2025-06-22 02:00:46.637944,PQC-001,Student Portal Upgrade,PQC-001-COMM-363eb4,Business Owner,Presentation,Bi-weekly,71.04839684074231,6.438379308836728,8.311019943692225,0,0,True,Email,42.978278821323144,False
2025-06-22 02:00:46.637944,PQC-001,Student Portal Upgrade,PQC-001-COMM-9fec4b,End User,Workshop,Bi-weekly,83.47677589050625,8.87440797130496,7.489310109209426,2,1,False,Email,18.18876945366173,False
2025-06-22 02:00:46.637944,PQC-002,Cloud Migration Phase 1,PQC-002-COMM-1009c4,Vendor,Email Update,Bi-weekly,88.71776264812382,8.66012215631111,7.097532637626281,1,1,True,In-Person,26.244307198657932,False
2025-06-22 02:00:46.637944,PQC-002,Cloud Migration Phase 1,PQC-002-COMM-161c0a,Business Owner,Meeting,Weekly,85.46083369501422,9.043657602062916,7.378886866334805,4,1,False,In-Person,40.65601616907137,True
2025-06-22 02:00:46.637944,PQC-002,Cloud Migration Phase 1,PQC-002-COMM-dad3d5,IT Team,Workshop,Weekly,78.94769234386462,6.9942043616415015,8.989549909147811,4,1,True,In-Person,30.779895995306845,False
2025-06-22 02:00:46.637944,PQC-003,Cybersecurity Enhancement,PQC-003-COMM-d00bce,Vendor,Workshop,Bi-weekly,67.20586958624123,7.233683664301729,7.25222028335725,5,1,True,In-Person,30.508401306612036,True
2025-06-22 02:00:46.637944,PQC-003,Cybersecurity Enhancement,PQC-003-COMM-d890c1,Business Owner,Presentation,Weekly,63.69776209071257,8.844978400378652,8.157512952719998,5,0,False,Virtual,32.37785961020797,False
2025-06-22 02:00:46.637944,PQC-003,Cybersecurity Enhancement,PQC-003-COMM-7ae682,Vendor,Presentation,Monthly,93.26074548076633,7.049784714293223,7.038335775049956,2,0,True,In-Person,28.67047081631593,True
2025-06-22 02:00:46.637944,PQC-004,LMS Modernization,PQC-004-COMM-12f57c,End User,Presentation,Weekly,92.01922324989073,6.741000302517898,7.288480042236207,2,2,True,Virtual,43.17352172144487,False
2025-06-22 02:00:46.637944,PQC-004,LMS Modernization,PQC-004-COMM-396669,Business Owner,Email Update,Weekly,86.41896104268159,7.083119017561638,7.89594331276438,2,0,False,Virtual,47.2608232465505,False
2025-06-22 02:00:46.637944,PQC-005,Network Infrastructure,PQC-005-COMM-71cd2f,End User,Email Update,Ad-hoc,69.29899477031923,9.135355060460682,7.206950127293169,6,1,False,Email,12.261971388332844,False
2025-06-22 02:00:46.637944,PQC-005,Network Infrastructure,PQC-005-COMM-6f98a6,Vendor,Presentation,Ad-hoc,83.68870152705165,7.0555540445574305,7.376605049834213,7,1,True,In-Person,28.43078108738646,False
2025-06-22 02:00:46.637944,PQC-006,AI Tutoring System,PQC-006-COMM-6bc002,Executive Sponsor,Workshop,Ad-hoc,74.82187032372664,7.583283657222996,8.467285680728898,4,0,True,Dashboard,44.4916442103317,False
2025-06-22 02:00:46.637944,PQC-006,AI Tutoring System,PQC-006-COMM-020734,Business Owner,Status Report,Bi-weekly,78.80464857838133,8.369934922188975,8.36534230492552,6,2,True,Virtual,9.921084053487121,False
2025-06-22 02:00:46.637944,PQC-006,AI Tutoring System,PQC-006-COMM-2639a7,IT Team,Email Update,Weekly,74.86741695334652,7.196120948140745,7.366847286995912,7,1,True,In-Person,47.33763376182882,False
2025-06-29 02:00:46.637944,PQC-001,Student Portal Upgrade,PQC-001-COMM-abac3b,End User,Presentation,Bi-weekly,63.74601969738633,8.732447564600701,8.820392248289393,7,0,True,Email,5.601876842059645,False
2025-06-29 02:00:46.637944,PQC-001,Student Portal Upgrade,PQC-001-COMM-d52d6a,Business Owner,Meeting,Ad-hoc,92.92628007320613,6.611734497062269,8.749487299313133,0,0,True,Dashboard,42.281515868960874,True
2025-06-29 02:00:46.637944,PQC-001,Student Portal Upgrade,PQC-001-COMM-3a68d0,Vendor,Workshop,Bi-weekly,85.23691313142551,6.900033228881836,8.43877631114964,4,2,True,Virtual,23.056215589645817,True
2025-06-29 02:00:46.637944,PQC-002,Cloud Migration Phase 1,PQC-002-COMM-9db7a4,End User,Email Update,Monthly,90.39934907750433,6.60886310693679,7.092392966403258,1,1,False,Dashboard,39.70514212790112,False
2025-06-29 02:00:46.637944,PQC-002,Cloud Migration Phase 1,PQC-002-COMM-175cc2,Vendor,Presentation,Monthly,83.2000925672133,9.379070221102175,8.831628696381488,3,1,False,Virtual,47.47056228639302,True
2025-06-29 02:00:46.637944,PQC-002,Cloud Migration Phase 1,PQC-002-COMM-e3261d,Business Owner,Status Report,Bi-weekly,78.2606696598636,6.7462137598619725,8.563457978009518,1,0,True,In-Person,17.742374139829607,False
2025-06-29 02:00:46.637944,PQC-003,Cybersecurity Enhancement,PQC-003-COMM-88bea7,IT Team,Status Report,Monthly,65.82884797240445,9.451618790492931,8.641698018526258,0,1,True,In-Person,32.265676345954795,False
2025-06-29 02:00:46.637944,PQC-003,Cybersecurity Enhancement,PQC-003-COMM-10df4b,Business Owner,Meeting,Weekly,89.5030918859669,7.560603169509328,8.417167091535651,7,2,True,Virtual,31.3158992007491,True
2025-06-29 02:00:46.637944,PQC-004,LMS Modernization,PQC-004-COMM-2d116d,End User,Workshop,Monthly,76.60867469178542,8.856198649900133,7.864134570133236,2,1,False,Dashboard,20.903357408105055,False
2025-06-29 02:00:46.637944,PQC-004,LMS Modernization,PQC-004-COMM-fd64aa,Business Owner,Meeting,Bi-weekly,65.05092152906185,6.327457924193174,7.033343101199266,5,0,True,Virtual,17.88216939462444,True
2025-06-29 02:00:46.637944,PQC-005,Network Infrastructure,PQC-005-COMM-f10c0b,Business Owner,Status Report,Monthly,93.59110025116892,8.98053490006033,8.727579245930006,4,2,False,Dashboard,33.73039737639184,False
2025-06-29 02:00:46.637944,PQC-005,Network Infrastructure,PQC-005-COMM-4802b1,Business Owner,Email Update,Bi-weekly,78.380386293907,6.698700826809711,8.501088327507475,3,0,True,In-Person,35.682083490362224,True
2025-06-29 02:00:46.637944,PQC-006,AI Tutoring System,PQC-006-COMM-f9208b,Business Owner,Presentation,Ad-hoc,68.28521665488415,8.198106625993379,8.659879186424886,1,0,True,In-Person,3.3418150453741915,False
2025-06-29 02:00:46.637944,PQC-006,AI Tutoring System,PQC-006-COMM-986ec5,Executive Sponsor,Email Update,Bi-weekly,67.14897637777388,8.193809205226954,7.7174850210857775,6,0,True,In-Person,8.010940999010069,True
2025-06-29 02:00:46.637944,PQC-006,AI Tutoring System,PQC-006-COMM-48043d,Business Owner,Meeting,Ad-hoc,80.79477370171429,8.517552131587898,8.237493964915213,0,2,True,Virtual,44.08273889317611,True
2025-07-06 02:00:46.637944,PQC-001,Student Portal Upgrade,PQC-001-COMM-a46ab6,Business Owner,Presentation,Monthly,82.29800610991504,9.145336955434324,7.913017710683066,7,1,False,In-Person,22.55621297922019,False
2025-07-06 02:00:46.637944,PQC-001,Student Portal Upgrade,PQC-001-COMM-914d0a,End User,Status Report,Monthly,76.39052070097348,8.985948601685827,8.867160912013379,1,1,True,Email,5.873798514146523,False
2025-07-06 02:00:46.637944,PQC-002,Cloud Migration Phase 1,PQC-002-COMM-7a1754,Executive Sponsor,Email Update,Monthly,75.04456344101044,7.07254817792585,8.924425820231889,2,2,True,Dashboard,37.733782893052926,False
2025-07-06 02:00:46.637944,PQC-002,Cloud Migration Phase 1,PQC-002-COMM-1ea9bd,Vendor,Meeting,Ad-hoc,62.75193488464153,7.158201680230683,7.496574959261692,7,2,True,Email,33.49735753852621,True
2025-07-06 02:00:46.637944,PQC-003,Cybersecurity Enhancement,PQC-003-COMM-54ac46,IT Team,Meeting,Weekly,60.687801896139675,9.077875698825185,8.931219662761768,7,2,True,Email,47.90696295567997,False
2025-07-06 02:00:46.637944,PQC-003,Cybersecurity Enhancement,PQC-003-COMM-93cea9,Business Owner,Workshop,Monthly,82.75396281967248,8.597078581579161,7.063026086164423,4,2,True,Virtual,18.961357151658913,False
2025-07-06 02:00:46.637944,PQC-003,Cybersecurity Enhancement,PQC-003-COMM-a38551,Executive Sponsor,Status Report,Weekly,89.54650635384286,6.4875581854777,8.040463921008051,3,0,True,Email,6.021173162069857,False
2025-07-06 02:00:46.637944,PQC-004,LMS Modernization,PQC-004-COMM-e2a88b,IT Team,Meeting,Ad-hoc,78.9709474383233,9.38873094302017,7.295704875724768,4,2,True,Email,8.895825649368424,False
2025-07-06 02:00:46.637944,PQC-004,LMS Modernization,PQC-004-COMM-e04b35,Executive Sponsor,Workshop,Monthly,93.61283711177455,6.1560583245695035,7.2861239054468045,1,0,True,Virtual,32.63356963970135,False
2025-07-06 02:00:46.637944,PQC-004,LMS Modernization,PQC-004-COMM-021005,Vendor,Presentation,Weekly,91.6116741752975,8.497971905368475,8.636291162255603,3,1,True,In-Person,37.196847093618146,False
2025-07-06 02:00:46.637944,PQC-004,LMS Modernization,PQC-004-COMM-aa8802,Executive Sponsor,Email Update,Weekly,78.77839629377068,9.009792499641932,7.426070639686529,7,0,True,Email,25.84481131342475,True
2025-07-06 02:00:46.637944,PQC-005,Network Infrastructure,PQC-005-COMM-d59035,Vendor,Status Report,Monthly,64.18071093875,8.178060426759092,8.868840433685028,4,1,False,Dashboard,27.158113634483712,False
2025-07-06 02:00:46.637944,PQC-005,Network Infrastructure,PQC-005-COMM-ecbc76,Business Owner,Presentation,Ad-hoc,70.3913485993815,6.002196308199597,8.926188261795605,7,1,True,Email,22.585132926177373,True
2025-07-06 02:00:46.637944,PQC-006,AI Tutoring System,PQC-006-COMM-8a369f,Business Owner,Workshop,Ad-hoc,72.46235546917006,8.761198870380534,7.467380897650727,6,0,True,In-Person,37.10490265629581,False
2025-07-06 02:00:46.637944,PQC-006,AI Tutoring System,PQC-006-COMM-bd2d00,Business Owner,Presentation,Bi-weekly,61.557816374666,7.011978514465664,7.90257035435528,1,1,True,In-Person,6.866639932548752,False
2025-07-06 02:00:46.637944,PQC-006,AI Tutoring System,PQC-006-COMM-99d0b7,Executive Sponsor,Workshop,Weekly,76.60905225554947,7.265205024376343,7.717454039092198,4,1,False,Email,17.684461919274295,False
2025-07-13 02:00:46.637944,PQC-001,Student Portal Upgrade,PQC-001-COMM-327853,Executive Sponsor,Meeting,Weekly,71.66549509546837,7.721748084136952,8.145545019474218,2,1,False,In-Person,26.277055005476587,False
2025-07-13 02:00:46.637944,PQC-001,Student Portal Upgrade,PQC-001-COMM-ca209a,Business Owner,Meeting,Ad-hoc,93.22484101145943,7.067848903868343,7.337718578734071,4,1,True,Dashboard,33.72082101452857,False
2025-07-13 02:00:46.637944,PQC-002,Cloud Migration Phase 1,PQC-002-COMM-537a56,IT Team,Email Update,Weekly,83.5326650276268,7.1506604464405745,7.556224335107607,7,0,True,Email,36.93792684097943,True
2025-07-13 02:00:46.637944,PQC-002,Cloud Migration Phase 1,PQC-002-COMM-954787,IT Team,Workshop,Weekly,68.31460050987195,7.712477413680611,7.572179844062521,6,0,False,In-Person,36.131787991803925,True
2025-07-13 02:00:46.637944,PQC-002,Cloud Migration Phase 1,PQC-002-COMM-fd7dc3,Business Owner,Status Report,Bi-weekly,83.91642269197055,6.642474399759265,8.641838427226,6,2,False,Virtual,14.306243391423749,False
2025-07-13 02:00:46.637944,PQC-002,Cloud Migration Phase 1,PQC-002-COMM-545052,IT Team,Meeting,Ad-hoc,64.32917977148162,8.041466689986837,8.469518577698757,2,1,True,In-Person,34.310341169707534,False
2025-07-13 02:00:46.637944,PQC-003,Cybersecurity Enhancement,PQC-003-COMM-303696,IT Team,Meeting,Bi-weekly,61.820831426030644,6.397761135438518,7.007836749902187,6,2,False,Dashboard,29.730933498199274,False
2025-07-13 02:00:46.637944,PQC-003,Cybersecurity Enhancement,PQC-003-COMM-68063b,End User,Presentation,Monthly,69.96361585962623,7.315899276751987,8.512620193960588,1,2,True,Virtual,30.545614963079096,False
2025-07-13 02:00:46.637944,PQC-003,Cybersecurity Enhancement,PQC-003-COMM-7c6410,Business Owner,Email Update,Bi-weekly,78.6496496299141,7.649626279367739,8.962195249027019,7,0,True,Virtual,9.733432489495355,False
2025-07-13 02:00:46.637944,PQC-003,Cybersecurity Enhancement,PQC-003-COMM-cc96ee,Business Owner,Email Update,Weekly,93.11654128969414,8.029200046168679,8.080434533557238,4,2,True,Dashboard,33.27869866411131,True
2025-07-13 02:00:46.637944,PQC-004,LMS Modernization,PQC-004-COMM-2c0b18,End User,Email Update,Ad-hoc,89.26276152783484,6.541751121961392,7.602351173994718,1,2,True,Dashboard,4.837030846564043,False
2025-07-13 02:00:46.637944,PQC-004,LMS Modernization,PQC-004-COMM-1f5fb5,Executive Sponsor,Email Update,Monthly,61.957422254487895,6.49763481735573,7.105651787817205,2,0,True,Email,9.338838007667484,False
2025-07-13 02:00:46.637944,PQC-005,Network Infrastructure,PQC-005-COMM-12a9b2,End User,Presentation,Ad-hoc,80.00876074224085,7.160802454619561,8.44611425092066,4,0,True,Virtual,46.62537677524788,True
2025-07-13 02:00:46.637944,PQC-005,Network Infrastructure,PQC-005-COMM-5ab313,Executive Sponsor,Email Update,Ad-hoc,64.74693156025597,6.509700263468982,8.394863234474386,7,1,False,Email,2.1004705714334433,False
2025-07-13 02:00:46.637944,PQC-006,AI Tutoring System,PQC-006-COMM-b4d1ce,Executive Sponsor,Meeting,Ad-hoc,63.27715126667702,9.342721154941827,8.221852774966957,6,2,False,Email,31.91173327030843,True
2025-07-13 02:00:46.637944,PQC-006,AI Tutoring System,PQC-006-COMM-4fa273,Vendor,Meeting,Ad-hoc,76.92917881013778,7.104437160550888,8.577890247869853,7,1,False,In-Person,20.44463502766418,True
2025-07-13 02:00:46.637944,PQC-006,AI Tutoring System,PQC-006-COMM-5194c5,Vendor,Status Report,Weekly,69.37799625373968,7.8206811270336,8.131484052141802,1,0,False,Email,34.53250310342947,True
2025-07-13 02:00:46.637944,PQC-006,AI Tutoring System,PQC-006-COMM-c9e7d5,IT Team,Workshop,Bi-weekly,93.45661103358638,6.2464187684088,7.709862401936032,0,2,True,In-Person,27.488566898208003,True
2025-07-20 02:00:46.637944,PQC-001,Student Portal Upgrade,PQC-001-COMM-11e954,Business Owner,Presentation,Monthly,82.54745555963663,8.277535345168301,8.733642971376979,6,2,False,Virtual,12.169291429443623,False
2025-07-20 02:00:46.637944,PQC-001,Student Portal Upgrade,PQC-001-COMM-4de165,Executive Sponsor,Email Update,Bi-weekly,65.92210680870382,6.656345280192583,7.021103273631801,5,0,True,Email,15.209579196005642,True
2025-07-20 02:00:46.637944,PQC-002,Cloud Migration Phase 1,PQC-002-COMM-8c90a7,IT Team,Email Update,Monthly,81.68539074894804,8.322216207950486,8.67258262620492,0,1,True,Virtual,9.204189485061896,False
2025-07-20 02:00:46.637944,PQC-002,Cloud Migration Phase 1,PQC-002-COMM-2da6cf,End User,Meeting,Ad-hoc,94.34974987227088,6.340818551878015,7.6061315223502035,4,2,True,In-Person,32.56349418326318,False
2025-07-20 02:00:46.637944,PQC-003,Cybersecurity Enhancement,PQC-003-COMM-51e852,Business Owner,Presentation,Monthly,87.12786301186918,8.176778568148482,8.213585791642673,5,2,False,Email,25.408721738015306,True
2025-07-20 02:00:46.637944,PQC-003,Cybersecurity Enhancement,PQC-003-COMM-29cbe2,IT Team,Status Report,Bi-weekly,79.90844577518556,9.037031034817822,7.864232473603859,0,1,True,Dashboard,36.251460894301495,False
2025-07-20 02:00:46.637944,PQC-004,LMS Modernization,PQC-004-COMM-24700f,Vendor,Presentation,Bi-weekly,90.84377385886614,7.225652835161863,7.166515316101265,7,1,True,Email,34.3471900996724,True
2025-07-20 02:00:46.637944,PQC-004,LMS Modernization,PQC-004-COMM-09b30f,End User,Status Report,Bi-weekly,73.38271658715698,7.5509457086302,7.752380937539244,7,1,True,Dashboard,41.03590138734387,False
2025-07-20 02:00:46.637944,PQC-004,LMS Modernization,PQC-004-COMM-6a3ba5,IT Team,Workshop,Weekly,71.976524201553,6.6806223171380985,8.123896219986479,1,0,True,Virtual,30.432736415838054,False
2025-07-20 02:00:46.637944,PQC-005,Network Infrastructure,PQC-005-COMM-05c21d,IT Team,Status Report,Monthly,62.851586419952966,6.676687317642182,8.901489426425343,2,2,True,In-Person,12.924357948661193,False
2025-07-20 02:00:46.637944,PQC-006,AI Tutoring System,PQC-006-COMM-93c567,IT Team,Workshop,Bi-weekly,63.30391165663507,6.439970672792405,7.828868093936663,5,0,True,Dashboard,6.840099540955808,False
2025-07-20 02:00:46.637944,PQC-006,AI Tutoring System,PQC-006-COMM-ff44c3,End User,Presentation,Ad-hoc,62.55797818591526,6.957832347225102,8.960010926393634,0,1,False,Email,10.065375103335557,True
2025-07-27 02:00:46.637944,PQC-001,Student Portal Upgrade,PQC-001-COMM-3bb977,Business Owner,Meeting,Ad-hoc,93.42580218640839,9.21872217809826,7.622389475608019,6,0,True,In-Person,26.9134584487304,False
2025-07-27 02:00:46.637944,PQC-001,Student Portal Upgrade,PQC-001-COMM-d7bccb,Business Owner,Presentation,Ad-hoc,72.48696716222379,6.574946573095748,8.007438869179913,3,1,True,In-Person,10.863790355876526,False
2025-07-27 02:00:46.637944,PQC-001,Student Portal Upgrade,PQC-001-COMM-8e495c,End User,Status Report,Weekly,85.13356082846079,8.035088817750186,8.895539164064296,1,2,True,In-Person,26.38240760376952,True
2025-07-27 02:00:46.637944,PQC-002,Cloud Migration Phase 1,PQC-002-COMM-524256,End User,Workshop,Monthly,69.79184258104642,7.977334126783656,7.176284486781585,0,2,True,In-Person,47.569565909920236,True
2025-07-27 02:00:46.637944,PQC-002,Cloud Migration Phase 1,PQC-002-COMM-d86806,End User,Presentation,Bi-weekly,75.41309780588237,7.920729507420541,8.592571365885602,1,0,True,Dashboard,17.137393855193483,True
2025-07-27 02:00:46.637944,PQC-002,Cloud Migration Phase 1,PQC-002-COMM-455842,Vendor,Workshop,Weekly,86.18369837606213,6.72897186303741,7.410440174588143,6,0,True,Email,21.54053234124494,True
2025-07-27 02:00:46.637944,PQC-003,Cybersecurity Enhancement,PQC-003-COMM-97b9a1,Business Owner,Meeting,Ad-hoc,76.28471359465732,6.203832407870963,7.52454864362997,5,0,True,Virtual,19.81331821735985,False
2025-07-27 02:00:46.637944,PQC-004,LMS Modernization,PQC-004-COMM-92a425,Business Owner,Presentation,Bi-weekly,85.71666339743706,6.882503845436302,7.981620602536085,4,1,True,In-Person,19.419013658748042,False
2025-07-27 02:00:46.637944,PQC-004,LMS Modernization,PQC-004-COMM-7198fa,Vendor,Email Update,Ad-hoc,61.13703088415578,8.08346894386419,8.078387588254628,2,1,True,Email,15.255568052661761,False
2025-07-27 02:00:46.637944,PQC-005,Network Infrastructure,PQC-005-COMM-bd457f,Business Owner,Status Report,Bi-weekly,71.21045598738598,9.173286539331997,7.3824842581522425,0,0,True,Virtual,33.51926687341384,False
2025-07-27 02:00:46.637944,PQC-005,Network Infrastructure,PQC-005-COMM-920d01,IT Team,Status Report,Monthly,69.38165155825232,8.840130787030887,7.110719633876819,3,2,True,Email,45.54353434780358,False
2025-07-27 02:00:46.637944,PQC-006,AI Tutoring System,PQC-006-COMM-7a113d,Business Owner,Email Update,Bi-weekly,87.87581193382333,7.914720468214547,8.299904196331777,3,0,True,Dashboard,26.296175185458786,True
2025-07-27 02:00:46.637944,PQC-006,AI Tutoring System,PQC-006-COMM-ef7af1,End User,Email Update,Bi-weekly,72.59262946836753,7.42034232270095,8.940877097768194,7,1,True,Email,21.521113198467194,False
2025-07-27 02:00:46.637944,PQC-006,AI Tutoring System,PQC-006-COMM-5eb3d6,IT Team,Workshop,Bi-weekly,84.70948431177865,6.8337330241646566,7.7773495013419005,4,0,False,Email,3.188592722120515,True
2025-07-27 02:00:46.637944,PQC-006,AI Tutoring System,PQC-006-COMM-90f6e3,Executive Sponsor,Workshop,Bi-weekly,81.26899743677839,9.441855271612004,8.68221461787774,0,2,False,Dashboard,27.7423753596573,True
2025-08-03 02:00:46.637944,PQC-001,Student Portal Upgrade,PQC-001-COMM-f77820,Business Owner,Workshop,Monthly,67.23251147120969,9.059381913090407,7.060915616140994,2,2,False,Virtual,40.885178881681426,False
2025-08-03 02:00:46.637944,PQC-001,Student Portal Upgrade,PQC-001-COMM-646869,Executive Sponsor,Email Update,Bi-weekly,67.89826040682193,6.741293524585259,8.585079535242674,7,2,True,In-Person,35.569443532389336,False
2025-08-03 02:00:46.637944,PQC-001,Student Portal Upgrade,PQC-001-COMM-6de97a,Vendor,Workshop,Bi-weekly,68.14113517520646,6.404270531547632,7.652212113277587,1,2,False,Email,32.788509152721076,False
2025-08-03 02:00:46.637944,PQC-002,Cloud Migration Phase 1,PQC-002-COMM-a35a64,Business Owner,Email Update,Ad-hoc,66.59749484784464,8.817383918585898,8.93465622270694,3,1,True,In-Person,34.0326718965194,False
2025-08-03 02:00:46.637944,PQC-002,Cloud Migration Phase 1,PQC-002-COMM-e8cd78,Business Owner,Meeting,Ad-hoc,86.25951403151201,7.110511443215668,7.967427664781426,0,2,False,Virtual,15.119740254053276,False
2025-08-03 02:00:46.637944,PQC-002,Cloud Migration Phase 1,PQC-002-COMM-111c8c,Vendor,Presentation,Weekly,90.84936163131376,8.077770047875763,8.21572564816196,1,2,True,Dashboard,18.384921399223455,False
2025-08-03 02:00:46.637944,PQC-003,Cybersecurity Enhancement,PQC-003-COMM-b947df,Vendor,Status Report,Bi-weekly,79.67388089181303,6.020526547605065,7.15701973690722,3,0,True,Dashboard,39.97775754572269,True
2025-08-03 02:00:46.637944,PQC-004,LMS Modernization,PQC-004-COMM-359f3b,IT Team,Email Update,Weekly,83.17391390328626,9.194097709569867,8.747589380839761,1,1,True,In-Person,23.652245976588834,True
2025-08-03 02:00:46.637944,PQC-005,Network Infrastructure,PQC-005-COMM-98ff46,Vendor,Email Update,Weekly,75.88855915667509,7.055817845709021,7.768038147929916,6,0,False,Dashboard,43.81687697324965,True
2025-08-03 02:00:46.637944,PQC-005,Network Infrastructure,PQC-005-COMM-0d57a0,IT Team,Workshop,Monthly,80.35560932474144,7.86718073060674,8.192787199384924,3,2,True,Virtual,7.370403527364595,True
2025-08-03 02:00:46.637944,PQC-006,AI Tutoring System,PQC-006-COMM-ae129b,IT Team,Presentation,Monthly,66.8375636297013,6.303620224254836,8.210888970610684,4,1,True,Virtual,35.51072095698225,True
2025-08-03 02:00:46.637944,PQC-006,AI Tutoring System,PQC-006-COMM-9501e0,Vendor,Meeting,Ad-hoc,85.3913858957557,6.396309281406939,7.812732810554923,5,2,True,Dashboard,46.74368219000993,True
2025-08-10 02:00:46.637944,PQC-001,Student Portal Upgrade,PQC-001-COMM-b93dd4,End User,Presentation,Bi-weekly,86.01530663284268,7.533390778616534,8.635576861178839,6,0,False,In-Person,31.411240824967674,True
2025-08-10 02:00:46.637944,PQC-001,Student Portal Upgrade,PQC-001-COMM-be6f36,Vendor,Status Report,Bi-weekly,75.743139674655,8.64724619160272,8.588269123464546,6,1,False,Email,24.886348537262826,True
2025-08-10 02:00:46.637944,PQC-002,Cloud Migration Phase 1,PQC-002-COMM-5da065,Business Owner,Status Report,Bi-weekly,75.08294677814143,6.693010606076437,7.8760435927006585,0,1,True,Virtual,25.973991346022725,True
2025-08-10 02:00:46.637944,PQC-002,Cloud Migration Phase 1,PQC-002-COMM-949ee5,Business Owner,Workshop,Monthly,79.59011025749098,7.256502688277423,8.616715644996148,4,0,False,Dashboard,5.350883687079189,False
2025-08-10 02:00:46.637944,PQC-002,Cloud Migration Phase 1,PQC-002-COMM-d90d59,IT Team,Meeting,Weekly,64.56112958319518,7.209694629626556,8.615404738088113,4,2,True,Email,28.281318228708717,False
2025-08-10 02:00:46.637944,PQC-002,Cloud Migration Phase 1,PQC-002-COMM-a1167c,Vendor,Meeting,Bi-weekly,78.46528678488727,8.294025924542314,7.466375108843232,2,2,True,In-Person,26.36034331278304,False
2025-08-10 02:00:46.637944,PQC-003,Cybersecurity Enhancement,PQC-003-COMM-2e47ca,IT Team,Workshop,Monthly,67.27266626466638,8.796319967250971,8.606074321534944,3,2,True,Dashboard,27.846339987109605,False
2025-08-10 02:00:46.637944,PQC-003,Cybersecurity Enhancement,PQC-003-COMM-21cef2,End User,Status Report,Ad-hoc,81.35151709102131,7.33869561203908,7.609046378302766,7,2,True,Email,15.927309950401552,False
2025-08-10 02:00:46.637944,PQC-004,LMS Modernization,PQC-004-COMM-480103,Executive Sponsor,Status Report,Ad-hoc,79.07791945009615,8.315131718632781,8.806547244477828,3,0,True,Virtual,12.040567143948714,True
2025-08-10 02:00:46.637944,PQC-005,Network Infrastructure,PQC-005-COMM-12d1f4,Executive Sponsor,Email Update,Ad-hoc,75.3223517054867,6.807571065724688,7.582392909993248,0,2,True,Email,36.30375174934251,True
2025-08-10 02:00:46.637944,PQC-005,Network Infrastructure,PQC-005-COMM-cd19dd,Business Owner,Workshop,Weekly,93.65403030083883,8.825415772641877,7.91926550871292,1,2,False,Dashboard,9.13039870117071,False
2025-08-10 02:00:46.637944,PQC-005,Network Infrastructure,PQC-005-COMM-bfd910,Vendor,Status Report,Weekly,60.134060167511294,6.833436951388996,8.876895280820815,0,1,True,Dashboard,31.407591742611046,False
2025-08-10 02:00:46.637944,PQC-006,AI Tutoring System,PQC-006-COMM-5e9724,Executive Sponsor,Meeting,Weekly,75.18608169699178,8.616589948348048,8.99950312685809,4,0,True,Dashboard,15.998149223759759,True
2025-08-10 02:00:46.637944,PQC-006,AI Tutoring System,PQC-006-COMM-505957,IT Team,Status Report,Monthly,89.29021977793073,8.003103149705268,8.998414597886882,3,0,True,Email,29.6840120371202,True
2025-08-17 02:00:46.637944,PQC-001,Student Portal Upgrade,PQC-001-COMM-71efd8,Executive Sponsor,Workshop,Bi-weekly,94.12805093976885,6.813013789337584,8.762595091228183,1,0,False,Virtual,4.293770518732227,False
2025-08-17 02:00:46.637944,PQC-001,Student Portal Upgrade,PQC-001-COMM-ae646e,End User,Meeting,Weekly,75.86956807184939,9.462479807872347,7.10948996451919,1,0,True,In-Person,29.54862235883659,True
2025-08-17 02:00:46.637944,PQC-002,Cloud Migration Phase 1,PQC-002-COMM-173b3e,Business Owner,Status Report,Bi-weekly,88.17826818798342,8.977030690573098,8.10109060123999,4,1,True,In-Person,6.901357371941197,False
2025-08-17 02:00:46.637944,PQC-002,Cloud Migration Phase 1,PQC-002-COMM-7814ba,Executive Sponsor,Presentation,Monthly,94.9368269067225,6.657740852558284,7.296119518977659,1,0,True,Dashboard,12.091911903027329,False
2025-08-17 02:00:46.637944,PQC-002,Cloud Migration Phase 1,PQC-002-COMM-a4f450,End User,Status Report,Monthly,93.52692265004768,8.88493795073006,8.129682873434852,1,0,True,Email,2.5897958774878678,False
2025-08-17 02:00:46.637944,PQC-002,Cloud Migration Phase 1,PQC-002-COMM-411389,Executive Sponsor,Meeting,Weekly,61.914996119177395,7.874147011069684,8.871498523049102,2,0,False,Dashboard,25.934886804803742,False
2025-08-17 02:00:46.637944,PQC-003,Cybersecurity Enhancement,PQC-003-COMM-0aefa4,Business Owner,Meeting,Bi-weekly,66.9034933158456,6.74738117259383,8.352186068329154,4,1,True,In-Person,16.866935493439364,False
2025-08-17 02:00:46.637944,PQC-003,Cybersecurity Enhancement,PQC-003-COMM-e1f536,Vendor,Meeting,Monthly,72.83231950337597,8.166924900163437,7.318789769542804,3,0,True,Virtual,7.5731512180053295,True
2025-08-17 02:00:46.637944,PQC-004,LMS Modernization,PQC-004-COMM-a89cc6,End User,Meeting,Monthly,75.7097977978201,8.096538654747487,7.14347068749485,1,2,False,In-Person,33.73188987329132,False
2025-08-17 02:00:46.637944,PQC-005,Network Infrastructure,PQC-005-COMM-481056,Vendor,Email Update,Ad-hoc,69.63165741207165,9.183553432688221,8.267778923664883,1,1,False,Email,5.574771246019372,False
2025-08-17 02:00:46.637944,PQC-005,Network Infrastructure,PQC-005-COMM-f64b0f,Vendor,Status Report,Bi-weekly,70.72395794266852,6.533015864736793,7.52795103941966,0,0,False,Dashboard,17.650257744757823,False
2025-08-17 02:00:46.637944,PQC-006,AI Tutoring System,PQC-006-COMM-d3ec14,Business Owner,Meeting,Ad-hoc,61.042667641141776,6.034227831070167,7.150245820309019,3,2,False,Email,44.859645538675935,True
2025-08-24 02:00:46.637944,PQC-001,Student Portal Upgrade,PQC-001-COMM-20574c,Executive Sponsor,Email Update,Bi-weekly,83.07750855475953,7.787390445565139,7.954096450358709,3,2,False,In-Person,43.22686746072212,False
2025-08-24 02:00:46.637944,PQC-002,Cloud Migration Phase 1,PQC-002-COMM-66adf1,Business Owner,Meeting,Bi-weekly,76.85561990767769,8.381983944762503,8.71768316682852,7,2,False,Dashboard,4.407970207840402,True
2025-08-24 02:00:46.637944,PQC-002,Cloud Migration Phase 1,PQC-002-COMM-b1f389,Executive Sponsor,Email Update,Weekly,76.9073185817656,7.456247346430402,8.955707387003564,2,2,True,Virtual,9.946836640930016,True
2025-08-24 02:00:46.637944,PQC-003,Cybersecurity Enhancement,PQC-003-COMM-4d5ae7,IT Team,Presentation,Ad-hoc,61.69624813665378,6.735966622656515,8.131777210203518,3,2,True,In-Person,19.582916720666603,True
2025-08-24 02:00:46.637944,PQC-003,Cybersecurity Enhancement,PQC-003-COMM-7fd4c5,Business Owner,Meeting,Weekly,77.90567137262923,6.556236683954601,7.1069174252096365,0,0,True,Dashboard,37.2499872714694,False
2025-08-24 02:00:46.637944,PQC-003,Cybersecurity Enhancement,PQC-003-COMM-8fad39,Vendor,Meeting,Weekly,90.35032528503928,8.355528582010368,7.093928844815334,7,0,False,Virtual,8.762687925389814,False
2025-08-24 02:00:46.637944,PQC-004,LMS Modernization,PQC-004-COMM-7615c3,Business Owner,Status Report,Ad-hoc,91.79278411445786,6.325875047779365,7.9362838837414715,3,1,True,In-Person,15.469391869909764,True
2025-08-24 02:00:46.637944,PQC-004,LMS Modernization,PQC-004-COMM-919f09,Executive Sponsor,Email Update,Bi-weekly,73.99018428410497,9.337962692720978,8.284220470051043,6,1,True,Virtual,18.66035372853097,False
2025-08-24 02:00:46.637944,PQC-004,LMS Modernization,PQC-004-COMM-6cd8e3,IT Team,Meeting,Bi-weekly,80.1972415828996,8.249197773238262,8.699685209194048,3,2,True,Virtual,40.08454790908437,False
2025-08-24 02:00:46.637944,PQC-005,Network Infrastructure,PQC-005-COMM-83e666,End User,Meeting,Bi-weekly,78.7812628242321,9.271877141553304,8.669913550104233,1,0,True,Email,3.8529401097630958,False
2025-08-24 02:00:46.637944,PQC-006,AI Tutoring System,PQC-006-COMM-e4e2bc,Vendor,Presentation,Weekly,68.42494049822274,6.83982116303271,7.166758107537519,5,1,True,Virtual,43.932536814100416,True
2025-08-24 02:00:46.637944,PQC-006,AI Tutoring System,PQC-006-COMM-d12f44,Executive Sponsor,Email Update,Weekly,66.53703848808952,8.909360317814798,8.533536712676671,0,0,True,Email,2.0110862155161895,True
